Country Name,Country Code,1990,1991,1992,1993,1994,1995,1996,1997,1998,1999,2000,2001,2002,2003,2004,2005,2006,2007,2008,2009,2010,2011,2012,2013,2014,2015,2016,2017,2018,2019
Aruba,ABW,,,,,,,,,,,99.16637,,,,,,,,,,99.3231,,,,,,,,99.39,
Afghanistan,AFG,,,,,,,,,,,,,,,,,,,,,,32.11322,,,,,,,56.25475,
Angola,AGO,,,,,,,,,,,,63.18212,,,,,,,,,,,,,70.58513,,,,,
Albania,ALB,,,,,,,,,,,,99.49808,,,,,,,99.12132,,,98.85624,99.02019,,,,,,99.63,
Andorra,AND,,,,,,,,,,,,,,,,,,,,,,,,,,,,,,
Arab World,ARB,65.3463974,66.96787262,68.26571655,67.53820038,68.80699921,70.02689362,71.4640274,72.6830368,73.77703857,74.95021057,76.02485657,77.25305176,78.6697464,78.88545227,79.99552155,80.61461639,80.05242157,81.06517792,81.93966675,78.99636078,79.65085,80.23499,81.66724,82.90155,83.29861,83.63236,82.32437,82.84017,83.21284,
United Arab Emirates,ARE,,,,,,,,,,,,,,,,97.00174,,,,,,,,,,,,,,
Argentina,ARG,,98.54020691,,,,,,,,,,99.12767,,,,,99.50357,,,99.69673,99.58867,99.71145,99.61428,99.59812,99.4024,99.6435,99.62893,,99.75765,
Armenia,ARM,,,,,,,,,,,,99.86167,,,,,,,,,,99.87619,,,,,,99.87416,,
American Samoa,ASM,,,,,,,,,,,,,,,,,,,,,,,,,,,,,,
Antigua and Barbuda,ATG,,,,,,,,,,,,,,,,,,,,,,,,,,,,,,
Australia,AUS,,,,,,,,,,,,,,,,,,,,,,,,,,,,,,
Austria,AUT,,,,,,,,,,,,,,,,,,,,,,,,,,,,,,
Azerbaijan,AZE,,,,,,,,,,99.90148926,,,,,,,,100,,99.94579,99.93333,99.93176,99.91767,99.9267,99.93638,99.92011,99.91648,99.91311,,
Burundi,BDI,48.01126099,,,,,,,,,,70.3653,,,,,,,,57.32103,,,,,,74.95891,,,85.61855,,
Belgium,BEL,,,,,,,,,,,,,,,,,,,,,,,,,,,,,,
Benin,BEN,,,26.69029045,,,,,,,,,,33.238,,,,30.78655,,,,,,40.93838,,,,,,51.94362,
Burkina Faso,BFA,,14.17374992,,,,,13.98534012,,,,,,,24.81137,,26.4829,26.53412,33.12532,,,,,,,43.98583,,,,54.67,
Bangladesh,BGD,,37.98974991,,,,,,,,,,60.25623,,,,,,67.48857,,,,79.54449,79.3692,86.92579,86.48067,89.53506,93.53532,94.37776,94.91259,
Bulgaria,BGR,,,,,,,,,,,,98.10977,,,,,,,,,,97.65106,,,,,,,,
Bahrain,BHR,,96.5787735,,,,,,,,,,97.25061,,,,,,,,,95.12418,,,,,,98.85029,99.08393,99.30134,
"Bahamas, The",BHS,,,,,,,,,,,,,,,,,,,,,,,,,,,,,,
Bosnia and Herzegovina,BIH,,98.73545837,,,,,,,,,99.84363,,,,,,,,,,,99.15044,,99.66747,,,,,,
Belarus,BLR,,,,,,,,,,99.82820892,,,,,,,,,,99.84739,,,,,,,,,99.87,
Belize,BLZ,,78.01631927,,,,,,,,,,,,,,,,,,,,,,,,,,,,
Bermuda,BMU,,,,,,,,,,,,,,,,,,,,,,,,,,,,,,
Bolivia,BOL,,,91.565979,,,,,,,,,96.11462,,,,,,99.14458,98.87941,99.0843,,98.77202,98.82861,,,99.40421,,,,
Brazil,BRA,,,,,,,,,,,95.71902,,,,97.90386,,98.36166,98.55943,98.53111,98.69204,98.31874,99.07315,99.02082,99.22972,99.25031,99.3467,99.45533,99.48134,99.43153,
Barbados,BRB,,,,,99.90000153,,,,,,,,,,99.9,,,,,,,,,,99.9,,,,,
Brunei Darussalam,BRN,,98.08379364,,,,,,,,,,98.91217,,,,,,,,,,99.54606,,,,,,,99.78966,
Bhutan,BTN,,,,,,,,,,,,,,,,67.96426,,,,,,,84.48774,,,,,92.89112,,
Botswana,BWA,,92.25187683,,,,,,,,,,,,95.59602,,,,,,,,,,99.13954,99.4,,,,,
Central African Republic,CAF,,,,,,,,,,,49.01935,,,,,,,,,,26.97133,,,,,,,,28.70666,
Canada,CAN,,,,,,,,,,,,,,,,,,,,,,,,,,,,,,
Central Europe and the Baltics,CEB,99.41905212,99.41757965,99.41828918,99.41668701,99.41587067,99.4151535,99.4159317,99.41261292,99.41570282,99.20017242,99.18350983,99.17540741,99.16864014,99.15242767,99.1362915,99.12387085,99.11325073,99.1051178,99.10473633,99.3653717,99.38886,99.41246,99.43137,99.45618,99.47842,99.49795,99.5185,,,
Switzerland,CHE,,,,,,,,,,,,,,,,,,,,,,,,,,,,,,
Channel Islands,CHI,,,,,,,,,,,,,,,,,,,,,,,,,,,,,,
Chile,CHL,,,98.70085907,,,,,,,,,,99.18334,,,,,,99.19581,98.89002,,99.60537,,99.08694,,99.44056,,99.01156,,
China,CHN,91.45469666,,,,,,,,,,98.50486,,,,,,,,,,99.59304,,,,,,,,99.78338,
Cote d'Ivoire,CIV,,,,,,,,,39.84909058,,52.12517,,,,,,,,,,,,38.75008,,47.03975,,,,53.0251,
Cameroon,CMR,,,,,,,,,,,77.96249,,,,,,,77.48205,,,76.42093,,,,,,,,82.41,
"Congo, Dem. Rep.",COD,,,,,,,,,,,,63.0907,,,,,,53.25022,,,,,76.6585,,,,79.71484,,,
"Congo, Rep.",COG,,,,,,,,,,,,,,,,,,,,,,76.94608,,,,,,,78.74231,
Colombia,COL,,,,96.28144073,,,97.56674194,,,,,,,,98.41068,98.37487,98.19491,98.419,98.42687,98.43472,98.5172,98.72434,,,98.97285,98.91534,99.02527,,99.0696,
Comoros,COM,,,,,,,,,,,77.55762,,,,,,,,,,,,69.59522,,,,,,78.30236,
Cabo Verde,CPV,86.41509247,,,,,,,,,,,,,,95.88,,,,,,,,98.39818,,,98.73018,,,,
Costa Rica,CRI,,,,,,,,,,,98.03841,,,,,,,,,,,99.25812,,,,,,,99.53,
Caribbean small states,CSS,,,,94.90132141,94.93183136,95.06176758,95.17607117,95.29843903,95.4446106,95.69245148,95.79119873,95.97953033,96.15442657,96.3036499,96.42585754,96.54676056,96.5162735,96.95413208,96.99368286,97.01693726,97.00595,97.05922,96.94817,97.32021,97.38814,97.34916,,,,
Cuba,CUB,,,,,,,,,,,,,99.95369,,,,,,,,,,99.8952,,,,,,,
Curacao,CUW,,,,,,,,,,,,,,,,,,,,,,,,,,,,,,
Cayman Islands,CYM,,,,,,,,,,,,,,,,,,98.62333,,,,,,,,,,,,
Cyprus,CYP,,,99.66419983,,,,,,,,,99.81524,,,,,,,,,,99.83831,,,,,,,,
Czech Republic,CZE,,,,,,,,,,,,,,,,,,,,,,,,,,,,,,
Germany,DEU,,,,,,,,,,,,,,,,,,,,,,,,,,,,,,
Djibouti,DJI,,,,,,,,,,,,,,,,,,,,,,,,,,,,,,
Dominica,DMA,,,,,,,,,,,,,,,,,,,,,,,,,,,,,,
Denmark,DNK,,,,,,,,,,,,,,,,,,,,,,,,,,,,,,
Dominican Republic,DOM,,,,,,,,,,,,,95.41705,,,,,96.93073,,,97.88349,98.05375,97.76923,98.25252,98.04481,98.03096,98.86737,,,
Algeria,DZA,,,,,,,,,,,,,86.13399,,,,89.13824,,91.73993,,,,,,,,,,97.25216,
East Asia & Pacific (excluding high income),EAP,92.00102234,92.10006714,92.17984009,92.21533203,92.36518097,92.51068115,92.81117249,95.9261322,96.0426178,96.18718719,97.45059967,96.38828278,96.54328156,96.78900146,97.98648834,98.10067749,98.0213089,98.36968994,98.8032608,98.79260254,98.79304,98.3602,98.39971,98.45527,98.67041,98.69017,98.7219,98.76669,98.80418,
Early-demographic dividend,EAR,63.40436172,64.4997406,65.80471039,66.6629715,67.91871643,69.2087326,70.30071259,71.21114349,72.87657166,74.06027985,75.0956192,76.03459167,77.09126282,77.91670227,79.1517868,79.17591858,80.35198975,81.35942841,83.02947998,83.97122955,84.53172,85.10977,85.94487,87.03464,87.96882,88.8771,89.57646,90.01086,90.51233,
East Asia & Pacific,EAS,92.05729675,92.13533783,92.19880676,92.21900177,92.36090088,92.49976349,92.79222107,95.66033936,95.77641296,95.94680023,97.23603058,96.16742706,96.32652283,96.58521271,97.80973053,97.93106842,97.87415314,98.2182312,98.64494324,98.63938141,98.60832,98.17957,98.2247,98.2849,98.5453,98.57037,98.60588,98.6535,98.69411,
Europe & Central Asia (excluding high income),ECA,97.61694336,97.6832962,97.76931763,97.85812378,97.94483948,98.02863312,98.11416626,98.18962097,98.28938293,98.30497742,98.30079651,98.35878754,98.40866852,98.43520355,98.43576813,98.59220886,98.61393738,98.64109802,98.68038177,99.11672974,99.23041,99.3695,99.44637,99.51527,99.55648,99.60065,99.67546,99.69721,99.72935,
Europe & Central Asia,ECS,98.60253143,98.63596344,98.59079742,98.63207245,98.67208099,98.7110672,98.75184631,98.79189301,98.83795929,98.84925079,98.84929657,98.88089752,98.89183044,98.90870667,98.92011261,99.01811218,99.00672913,99.06086731,99.05197144,99.30757904,99.38559,99.44244,99.48561,99.5223,99.55206,99.57978,99.61476,99.64458,99.65888,
Ecuador,ECU,95.83325195,,,,,,,,,,,96.49345,,,,,,98.56422,98.4752,98.88309,98.8541,98.80532,98.89454,98.63248,99.18693,98.91229,99.13692,99.40242,,
"Egypt, Arab Rep.",EGY,,,,,,,66.93154144,,,,,,,,,78.94999,81.75145,,,,84.30693,,86.05159,90.3254,,,,86.81055,,
Euro area,EMU,,,,,,,,,,,,,,,,,,,,,,,,,,,,,,
Eritrea,ERI,,,,,,,,,,,,,69.4834,,,,,,82.57652,,,,,,,,,,92.71403,
Spain,ESP,,99.56967926,,,,,,,,,,,,,99.53496,99.50209,,99.55811,99.60261,99.55732,99.68636,99.74597,99.70572,99.64289,99.68681,99.69419,99.60606,,99.7439,
Estonia,EST,,,,,,,,,,,99.81336,,,,,,,,,,,99.95904,,,,,,,,
Ethiopia,ETH,,,,,28.08016968,,,,,,,,,,38.5,33.29975,,47.04113,,,,,,,,,,71.97251,,
European Union,EUU,,,,,,,,,,,,,,,,,,,,,,,,,,,,,,
Fragile and conflict affected situations,FCS,62.67203903,62.31697083,61.84915161,62.06027985,63.01358032,63.25075912,63.71583176,64.3147583,64.87155914,65.37812805,66.22331238,66.54756927,67.35736847,67.41625977,67.80377197,67.81945801,65.4058609,65.5947876,65.14318848,62.78110123,63.3459,65.43118,65.59066,66.06205,66.61273,67.37499,68.10142,69.12517,69.92208,
Finland,FIN,,,,,,,,,,,,,,,,,,,,,,,,,,,,,,
Fiji,FJI,,,,,,,99.40706635,,,,,,,,,,,,,,,,,,,,,99.81083,,
France,FRA,,,,,,,,,,,,,,,,,,,,,,,,,,,,,,
Faroe Islands,FRO,,,,,,,,,,,,,,,,,,,,,,,,,,,,,,
"Micronesia, Fed. Sts.",FSM,,,,,,,,,,,,,,,,,,,,,,,,,,,,,,
Gabon,GAB,,,,92.1140213,,,,,,,,,,,,,,,,,,,89.42925,,,,,,91.44938,
United Kingdom,GBR,,,,,,,,,,,,,,,,,,,,,,,,,,,,,,
Georgia,GEO,,,,,,,,,,,,,99.86236,,,,,,,,,,,,99.72914,,,99.49365,,
Ghana,GHA,,,,,,,,,,,65.48871,,,,,,,,,,83.23453,,,,,,,,92.20855,
Gibraltar,GIB,,,,,,,,,,,,,,,,,,,,,,,,,,,,,,
Guinea,GIN,,,,,,,13.47280025,,,,,,,34.06904,,,,,,,21.79673,,,,37.21018,,,,,
"Gambia, The",GMB,,,,,,,,,,,41.39434,,,,,,,,,,,,,56.12098,,64.44683,,,,
Guinea-Bissau,GNB,,,,,,,,,,,45.90365,,,,,,,,,,,,,,49.75632,,,,,
Equatorial Guinea,GNQ,,,,,,,,,,,96.62424,,,,,,,,,,98.29817,,,,98.7,,,,,
Greece,GRC,,98.97937775,,,,,,,,,,98.99116,,,,99.5248,,99.67996,,99.46973,,98.90698,,,,,,,,
Grenada,GRD,,,,,99.5,,,,,,,,,,99.5,,,,,,,,,,99.5,,,,,
Greenland,GRL,,,,,,,,,,,,,,,,,,,,,,,,,,,,,,
Guatemala,GTM,,,,,70.72151184,,,,,,,,78.39068,,,,,,,,,,91.94237,89.77037,93.26925,,,,,
Guam,GUM,99.8476181,,,,,,,,,,,,,,,,,,,,,,,,,,,,,
Guyana,GUY,,,,,,,,,,,,,,,,,,,,93.67022,,,,,97.03701,,,,,
High income,HIC,,,,,,,,,,,,,,,,,,,,,,,,,,,,,,
"Hong Kong SAR, China",HKG,,,,,,,,,,,,,,,,,,,,,,,,,,,,,,
Honduras,HND,,,,,,,,,,,,90.91032,,,,,,95.05453,,,95.8775,96.92601,95.98721,96.29856,96.29226,96.99961,97.24561,,98.1851,
Heavily indebted poor countries (HIPC),HPC,51.65206909,51.43928146,51.21802139,51.47198105,51.78364182,51.73596954,52.31599045,53.02225876,52.68592834,53.47557831,54.44324875,55.30413818,55.54418182,56.5394516,58.49348068,57.80315018,56.55242157,58.5186882,58.24197006,59.31985092,60.57048,63.98775,66.13449,66.54768,67.85165,68.92422,70.02147,71.40721,72.24876,
Croatia,HRV,,99.60440063,,,,,,,,,,99.65321,,,,,,,,,,99.73572,,,,,,,,
Haiti,HTI,,,,,,,,,,,,,,80.68945,,,70.48078,,,,,,,,,,82.63483,,,
Hungary,HUN,,,,,,,,,,,,,,,,,,,,,,,,,99,,,,,
IBRD only,IBD,80.93875885,81.34658051,81.8635788,82.1423111,82.56610107,83.02458954,83.56140137,85.24976349,85.94728851,86.47189331,87.5147171,87.54103851,88.22631836,88.92436981,90.0129776,90.02484894,90.59246063,91.2915802,92.00073242,92.2201004,92.41395,92.81911,93.30807,93.7582,94.19989,94.56432,94.76785,95.0648,95.344,
IDA & IBRD total,IBT,75.70481873,76.0352478,76.45767975,76.6987915,77.13818359,77.56989288,78.09712219,79.50650787,80.13201904,80.70925903,81.20894623,81.39620209,82.0901413,82.73352814,83.89315033,83.83403778,84.21688843,84.71549988,85.42220306,85.67498779,85.89867,86.41097,86.95499,87.37612,87.82715,88.2671,88.6468,88.94594,89.2682,
IDA total,IDA,53.57313919,54.07162857,54.65121841,55.32355881,56.41601944,57.33005142,58.3253212,59.28292847,60.19332123,61.39902878,60.45367813,61.42206955,62.30142975,62.88579941,64.42685699,64.38121033,64.46112823,64.69648743,65.82037354,66.64920044,67.47882,68.83208,70.10635,71.04582,72.08455,73.21249,74.43428,75.10957,75.85722,
IDA blend,IDB,59.40005112,60.51660919,61.34223175,62.0531311,63.31832886,64.54136658,65.84934235,66.9961319,67.9629364,69.06388092,63.79592896,64.80314636,65.60240173,65.06555939,66.04606628,65.71678162,66.86470032,66.63600159,67.57025909,68.07411194,68.66078,69.3543,70.24797,70.18173,71.35513,72.33481,73.31986,73.15944,74.10887,
Indonesia,IDN,95.06925201,,,,,,,,,,,,,,98.54216,,96.27236,,99.38241,99.39659,,98.7518,,,99.67883,99.63702,99.65351,,99.69625,
IDA only,IDX,50.70309067,50.89485168,51.34716034,51.99182129,52.98934937,53.74095154,54.56843185,55.42161942,56.29561996,57.54653168,58.77069855,59.71685028,60.63360977,61.78218842,63.60535049,63.70243835,63.23731995,63.70721817,64.92651367,65.92088318,66.87514,68.56655,70.03473,71.48013,72.44901,73.64865,74.98505,76.06884,76.71409,
Isle of Man,IMN,,,,,,,,,,,,,,,,,,,,,,,,,,,,,,
India,IND,,49.34918976,,,,,,,,,,67.74658,,,,,74.35573,,,,,81.84981,,,,,,,90.16941,
Not classified,INX,,,,,,,,,,,,,,,,,,,,,,,,,,,,,,
Ireland,IRL,,,,,,,,,,,,,,,,,,,,,,,,,,,,,,
"Iran, Islamic Rep.",IRN,,81.2009964,,,,,90.55661011,,,,,,,,,96.73755,96.13215,,97.46597,,,,97.66179,97.43798,97.67817,,97.92513,,,
Iraq,IRQ,,,,,,,,,,,80.48683,,,,,,,,,,,,,48.63865,,,,,52.70813,
Iceland,ISL,,,,,,,,,,,,,,,,,,,,,,,,,,,,,,
Israel,ISR,,,,,,,,,,,,,,,,,,,,,,,,,,,,,,
Italy,ITA,,,,,,,,,,,,99.82011,,,,,,,,,,99.8687,,,,,,,99.95,
Jamaica,JAM,,,,,,,,,,96.29551697,,,,,,,,,,,,,,,98.8,,,,,
Jordan,JOR,,,,,,,,,,,,,,98.91331,,99.02348,,98.94657,,,98.76635,99.25322,99.20273,,,,,,99.49391,
Japan,JPN,,,,,,,,,,,,,,,,,,,,,,,,,,,,,,
Kazakhstan,KAZ,,,,,,,,,,99.87470245,,,,,,,,,,99.86511,99.85091,,,,,,,,,
Kenya,KEN,,,,,,,,,,,91.94255,,,,,,,81.63257,,,,,,,86.13652,,,,88.08,
Kyrgyz Republic,KGZ,,,,,,,,,,99.74128723,,,,,,,,,,99.79959,,,,,,,,,99.81,
Cambodia,KHM,,,,,,,,,71.07158661,,,,,,78.896,,,,85.53457,85.86868,,,,,90.37226,92.57328,,,,
Kiribati,KIR,,,,,,,,,,,,,,,,,,,,,,,,,,,,,,
St. Kitts and Nevis,KNA,,,,,,,,,,,,,,,,,,,,,,,,,,,,,,
"Korea, Rep.",KOR,,,,,,,,,,,,,,,,,,,,,,,,,,,,,,
Kuwait,KWT,,,,,,90.18480682,,,,,,,,,,99.78759,98.49927,98.50779,98.73937,,98.71821,,98.83531,99.04067,,99.40085,,99.49922,99.50355,
Latin America & Caribbean (excluding high income),LAC,91.48895264,92.02895355,92.57158661,93.07202148,93.56468964,94.04460144,94.37866974,94.42706299,94.72019196,94.96328735,95.20084381,95.30895996,95.66924286,96.40805054,96.60614777,96.80023956,96.70513153,97.05264282,97.18946838,97.47189331,97.45804,97.87762,98.02864,98.00246,98.32982,98.42082,98.55795,98.59765,98.66981,
Lao PDR,LAO,,,,,,64.05435181,,,,,73.56058,74.68243,,,,78.73984,,,,,,67.05378,,,,90.50107,,,,
Lebanon,LBN,,,,,,,,,,,,,,,,,,99.0823,,99.33674,,,,,,,,,99.83898,
Liberia,LBR,,,,,,,,,,,,,,,,,,37.17031,,,,,,,,,,45.63871,,
Libya,LBY,,,,,96.30000305,,,,,,,,,,99.4,,,,,,,,,,,,,,,
St. Lucia,LCA,,,,,,,,,,,,,,,,,,,,,,,,,,,,,,
Latin America & Caribbean,LCN,92.22769928,92.71185303,93.1991806,93.64904785,94.09171295,94.52127838,94.82079315,94.86634827,95.13417816,95.35286713,95.56533813,95.67134094,96.00039673,96.66902161,96.8572998,97.04232025,96.97261047,97.2750473,97.40116119,97.66900635,97.66098,98.05229,98.18231,98.1445,98.42553,98.50067,98.62935,98.65574,98.73069,
Least developed countries: UN classification,LDC,48.61014175,48.7508812,49.18983841,49.8365097,50.86835861,51.95003891,52.76853943,53.60768127,54.47233963,55.74435043,56.73461151,57.67630005,58.47198868,59.74539185,61.65919876,61.67803955,61.08335876,61.44203949,62.69004822,64.29779816,65.25374,67.126,68.79173,70.39825,71.30059,72.61133,74.07506,75.26221,75.96498,
Low income,LIC,51.54286957,51.50053024,51.39461899,51.7226181,52.12099075,52.63314056,53.15916061,53.80633163,53.48733902,53.91918945,54.48049164,55.36333084,55.72790146,56.52857971,58.55056,57.99789047,57.88275909,59.69815826,59.19367981,61.00614166,61.66279,65.00498,67.09893,67.36426,68.33086,69.24092,70.23531,71.55011,72.2991,
Liechtenstein,LIE,,,,,,,,,,,,,,,,,,,,,,,,,,,,,,
Sri Lanka,LKA,,,,,,,,,,,,96.12111,,,,,97.93921,,98.5861,,98.58897,,,,,,98.94489,99.14777,,
Lower middle income,LMC,61.23715973,62.23588181,63.54270935,64.38034821,65.67292023,66.83791351,68.00624847,69.02178955,70.8183136,72.173172,72.35421753,73.38780212,74.61528015,75.49079895,76.58883667,76.56881714,77.49909973,78.09532928,79.88484192,80.57778931,81.23487,81.84419,82.8501,84.08341,85.11409,86.11711,86.86794,87.37425,88.00553,
Low & middle income,LMY,75.49614716,75.8216629,76.23631287,76.46576691,76.89584351,77.32021332,77.84365082,79.26194,79.88855743,80.47006226,80.97650909,81.16914368,81.87818909,82.53659058,83.71642303,83.66168976,84.05198669,84.56043243,85.27706146,85.53353882,85.76157,86.27931,86.83072,87.25909,87.71732,88.16089,88.54545,88.85058,89.17706,
Lesotho,LSO,,,,,,,,,,,97.49609,,,,,,,,,92.09389,,,,,93.96988,,,,,
Late-demographic dividend,LTE,91.98446655,92.10671234,92.20142365,92.29670715,92.38667297,92.47799683,92.78929138,95.63989258,95.7749176,95.93171692,97.18839264,96.28977966,96.486763,96.8207016,97.99788666,98.14328766,98.27114868,98.61730194,98.6918869,98.72683716,98.74903,98.86231,99.11995,99.23076,99.28784,99.31223,99.39257,99.44386,99.48191,
Lithuania,LTU,,,,,,,,,,,,99.74238,,,,,,,,,,99.86662,,,,,,,,
Luxembourg,LUX,,,,,,,,,,,,,,,,,,,,,,,,,,,,,,
Latvia,LVA,,,,,,,,,,,99.78331,,,,,,,,,,,99.87011,,,,,,,,
"Macao SAR, China",MAC,,,,,,,,,,,,99.81016,,,,,99.69966,,,,,99.69008,,,,,99.86617,,,
St. Martin (French part),MAF,,,,,,,,,,,,,,,,,,,,,,,,,,,,,,
Morocco,MAR,,,,,45.99636078,,,,,,,,,,60.49289,,,,69.89815,72.14524,,74.03429,87.7834,,,,,,97.4,
Monaco,MCO,,,,,,,,,,,,,,,,,,,,,,,,,,,,,,
Moldova,MDA,,,,,,,,,,,99.65157,,,,,,,,,,,,99.58578,,99.81553,,,,,
Madagascar,MDG,,,,,,,,,,,68.18623,,,,,,,,,63.96708,,,75.30385,,,,,,80.67803,
Maldives,MDV,98.31548309,,,,,98.29863739,,,,,98.29864,,,,,,99.36065,,,,,,,,99.43955,,99.08863,,,
Middle East & North Africa,MEA,69.30271149,71.10765076,72.61289215,72.2919693,73.72503662,75.6940918,77.06967926,78.22189331,79.26251221,80.34697723,81.3348999,82.41439056,83.64169312,84.00405121,84.8934021,85.50023651,86.27581024,87.07447815,87.94963837,85.43505096,85.85027,85.89334,87.05099,88.02691,88.29059,88.48975,87.06975,87.43681,87.70108,
Mexico,MEX,94.9032135,,,,,,,,,,96.48236,,97.27211,,97.60793,97.62793,97.69172,98.11611,98.35642,98.3816,98.49213,98.50666,99.02957,98.60191,99.07946,99.01495,99.20723,99.16837,99.38847,
Marshall Islands,MHL,,,,,,,,,,,,,,,,,,,,,,98.7567,,,,,,,,
Middle income,MIC,77.61145782,78.01381683,78.52488708,78.79840088,79.28793335,79.76229095,80.33634186,81.89185333,82.67923737,83.3342514,83.88362885,84.03742218,84.81403351,85.48339081,86.60105896,86.65058899,87.15226746,87.56800842,88.51036835,88.65866852,88.92628,89.16359,89.60158,90.15798,90.64675,91.11914,91.49745,91.7195,92.05009,
North Macedonia,MKD,,,,,98.56687164,,,,,,,,98.48539,,,,,,,,,,,,98.5,,,,,
Mali,MLI,,,,,,,,,16.86067009,,,,,,,,30.79846,,,,33.94571,39.00856,,,,39.20776,,,43.39811,
Malta,MLT,,,,,,97.80653381,,,,,,,,,,99.11073,,,,,,99.38657,,,,,,,99.56088,
Myanmar,MMR,,,,,,,,,,,93.47118,,,,,,,,,,,,,,,,84.41379,,,
Middle East & North Africa (excluding high income),MNA,67.7516098,69.62232208,71.23844147,70.7943573,72.29013824,74.38069916,75.80200958,76.98950195,77.77037048,78.90281677,79.94377899,81.06109619,82.35362244,82.8001709,83.74394989,84.37167358,85.1648407,85.98690796,86.90306854,84.03212738,84.46081,84.30755,85.58085,86.66404,86.96171,87.19367,85.58569,85.99067,86.28834,
Montenegro,MNE,,98.98921204,,,,,,,,,,,,99.3606,,,,,,,,99.05261,,,,,,,98.97,
Mongolia,MNG,,,,,,,,,,,98.43194,,,,,,,,,,98.90874,,,,,,,,99.08,
Northern Mariana Islands,MNP,,,,,,,,,,,,,,,,,,,,,,,,,,,,,,
Mozambique,MOZ,,,,,,,,36.55310822,,,,,,50.03891,,,,,,56.54005,,,,,,62.66699,,65.48977,,
Mauritania,MRT,,,,,,,,,,,55.48371,,,,,,,47.71239,,,,,,,,,,56.76072,,
Mauritius,MUS,91.7059021,,,,,,,,,,95.3619,,,,,,,,,,,98.57592,,,,,,,99.35342,
Malawi,MWI,,,,,,,,,70.70072174,,,,,,,,,,,,69.98174,,,,73.33242,73.3858,,,,
Malaysia,MYS,,95.22213745,,,,,,,,,97.26772,,,,,,,,,,98.45826,,,,,,97.85761,,,
North America,NAC,,,,,,,,,,,,,,,,,,,,,,,,,,,,,,
Namibia,NAM,,,,,,,,,,,,,,,,,,,,,,,,,,,,,,
New Caledonia,NCL,,,,,,,99.14203644,,,,,,,,,,,,,,,,,,99.3,,,,,
Niger,NER,,,,,,,,,,,,14.23355,,,,23.19743,,,,,,,31.64391,,,,,,,
Nigeria,NGA,,62.48778152,,,,,,,,,,,,60.50937,,,,,57.95389,,,,,,,,,,68.26263,
Nicaragua,NIC,,,,,,,,,,,,88.81788,,,,88.84248,,,,,,,,,,93.60194,,,,
Netherlands,NLD,,,,,,,,,,,,,,,,,,,,,,,,,,,,,,
Norway,NOR,,,,,,,,,,,,,,,,,,,,,,,,,,,,,,
Nepal,NPL,,32.66643906,,,,,,,,,,60.14379,,,,,,,,,,80.20683,,,,,,,90.88347,
Nauru,NRU,,,,,,,,,,,,,,,,,,,,,,,,,,,,,,
New Zealand,NZL,,,,,,,,,,,,,,,,,,,,,,,,,,,,,,
OECD members,OED,,,,,,,,,,,,,,,,,,,,,,,,,,,,,,
Oman,OMN,,,,,,,,,,,,,,96.66145,,,,,97.62498,,98.16507,,,,99.05662,98.75332,98.9804,98.95638,98.97943,
Other small states,OSS,83.82086945,84.2828064,84.49944305,84.72332001,84.89273071,85.07853699,85.48352051,85.94512177,86.2546463,86.62497711,86.86553955,87.31250763,87.60590363,87.80267334,88.01561737,88.22457886,87.95366669,87.65162659,88.09664917,86.99838257,86.06146,86.73193,87.14174,87.60619,87.95302,88.77797,88.58018,88.96638,89.38675,
Pakistan,PAK,,,,,,,,,43.11405182,,,,,,,53.08856,58.37056,,61.24992,61.46266,62.29837,63.13681,64.4741,63.438,65.54779,,,67.53713,,
Panama,PAN,94.77776337,,,,,,,,,,95.62273,,,,,,,,,,97.33687,,,,,,,,98.87429,
Peru,PER,,,,93.78624725,,,,,,,,,,,95.65602,96.28778,96.95764,96.70523,,,,,98.67575,,98.78966,98.7729,98.6722,98.85308,98.96697,
Philippines,PHL,96.87773895,,,,96.28193665,,,,,,95.72028,,,96.58059,,,,,98.49152,,,,,98.81543,,99.26673,,,,
Palau,PLW,,,,,,,,,,,,,,,,,,,,,,,,99.8295,,99.17051,,,,
Papua New Guinea,PNG,,,,,,,,,,,64.05813,,,,,,,,,,71.4,,,,,,,,,
Poland,POL,,,,,,,,,99.81581116,,,,,,,,,,99.81581,,,,,,,,,,,
Pre-demographic dividend,PRE,57.98825836,58.06225967,58.2858696,58.90621948,59.60034943,59.89709854,60.70978165,61.55197144,61.40634918,62.20484924,59.00267029,59.79925156,60.51939011,61.14588928,61.93468094,61.28308105,59.67095947,59.31391144,58.94321823,58.32088852,59.19525,62.06172,63.87044,64.26691,65.40572,66.38879,67.40141,68.67739,69.74742,
Puerto Rico,PRI,94.11212921,,,,,,,,,,,,,,,,,,,,98.85419,,,,,,,92.3897,,
"Korea, Dem. Peopleâ€™s Rep.",PRK,,,,,,,,,,,,,,,,,,,99.99979,,,,,,,,,,,
Portugal,PRT,,99.25787354,,,,,,,,,,,,,,,,,,,,99.47964,,,,,,,99.70156,
Paraguay,PRY,,,95.36142731,,,,,,,,,,,,,,,98.77916,98.23231,98.98827,98.72882,,98.10377,99.2046,98.46341,98.9689,98.70381,,98.86784,
West Bank and Gaza,PSE,,,,,,,,97.18849945,,,,,,,98.85482,,99.14568,98.9869,98.81536,99.23354,99.27404,99.367,99.22708,99.2749,99.31944,99.26786,99.31307,,99.38239,
Pacific island small states,PSS,,,,,,95.60272217,95.7263031,95.8658905,,,,,,,,,,,,,,,,,,,,,,
Post-demographic dividend,PST,,,,,,,,,,,,,,,,,,,,,,,,,,,,,,
French Polynesia,PYF,,,,,,,,,,,,,,,,,,,,,,,,,,,,,,
Qatar,QAT,,,,,,,,95.80931091,,,,,,,97.54001,,,98.96525,96.88498,97.94622,,,,95.79881,96.34852,,97.26477,96.11466,,
Romania,ROU,,,99.03208923,,,,,,,,,,97.77952,,,,,,,,,98.97622,,,,,,,99.43968,
Russian,RUS,,,,,,,,,,,,,99.77128,,,,,,,,99.75802,,,,,,,,99.74909,
Rwanda,RWA,,,,,,,,,,,76.86258,,,,,,,,,,77.97246,,83.48739,,86.26225,,,,88.50182,
South Asia,SAS,45.60615158,46.89239883,48.70425034,50.2233696,51.92652893,53.58995819,55.20663071,56.62387085,59.39424896,61.29103851,63.05382919,64.52622986,66.34430695,67.62767029,69.25145721,69.39512634,71.62554932,72.65702057,74.96334076,76.44506073,77.26615,78.58155,79.81081,81.47154,82.71295,84.15962,85.63959,86.31331,87.23147,
Saudi Arabia,SAU,,,81.07382965,,,,,,,,93.71306,,,,94.67571,,,,,,,,,99.13699,,,,99.28044,,
Sudan,SDN,,,,,,,,,,,72.33138,,,,,,,,62.71716,,,,,,,,,,73.49,
Senegal,SEN,,,,,,,,,,,,,40.96837,,,,44.54016,,,56.19144,,58.99902,,50.96893,,,,63.50271,,
Singapore,SGP,99.08435822,,,,,,,,,,99.60451,,,,,,,,,,99.76667,99.88059,99.89296,99.90101,99.90389,99.83812,99.94051,99.94014,99.94237,
Solomon Islands,SLB,,,,,,,,,,,,,,,,,,,,,,,,,,,,,,
Sierra Leone,SLE,,,,,,,,,,,,,,,37.35752,,,,,,,,,50.85709,,,,,62.69922,
El Salvador,SLV,,,84.94789124,,,,,,,,,,,,,,95.45334,93.88949,96.48331,95.32356,96.38574,96.94589,,97.50019,,98.43374,98.27872,98.14964,,
San Marino,SMR,,,,,,,,,,,,,,,,,,,,,,,,,,,,,100,
Somalia,SOM,,,,,,,,,,,,,,,,,,,,,,,,,,,,,,
Serbia,SRB,,,,,,,,,,,,,,,,,,,,,,99.26991,,,,,99.72468,,98.18,
Sub-Saharan Africa (excluding high income),SSA,58.67761993,59.12612152,59.50257111,60.16703033,60.84680939,61.21479034,61.98080826,62.78570175,62.77434921,63.54959106,61.03067017,61.86936951,62.13193893,62.85023117,64.49920654,63.47956848,62.22447968,62.97344971,62.81291962,63.66352844,64.57262,67.1526,68.85188,69.25267,70.26336,71.13375,72.0247,73.03284,73.6861,
South Sudan,SSD,,,,,,,,,,,,,,,,,,,29.57762,,,,,,,,,,47.3692,
Sub-Saharan Africa,SSF,58.68338013,59.13175964,59.50804901,60.17234039,60.85194016,61.21974182,61.98553848,62.79021072,62.77875137,63.55381012,61.03509903,61.87366867,62.13613892,62.85422897,64.50287628,63.48315811,62.22801971,62.97676086,62.81610107,63.66653061,64.57545,67.15514,68.8542,69.25489,70.26543,71.13569,72.0265,73.0345,73.68765,
Small states,SST,87.38912201,87.67227173,87.78756714,87.9167099,88.01396179,88.1469574,88.42539978,88.74569702,88.96544647,89.25205994,89.41677094,89.75523376,89.98316956,90.13690948,90.29749298,90.45272827,90.2321701,90.07937622,90.40115356,89.58116913,88.87837,89.37756,89.65789,90.07565,90.34628,90.94684,90.788,91.06206,91.36151,
Sao Tome and Principe,STP,,91.85257721,,,,,,,,,,94.85257,,,,,,,77.33728,,,,96.35088,,,,,,97.85418,
Suriname,SUR,,,,,,,,,,,,,,,94.13904,,,,99.45978,,98.80215,,97.25966,,,,,,98.39996,
Slovak Republic,SVK,,,,,,,,,,,,,,,,,,,,,,,,,,,,,,
Slovenia,SVN,,99.77900696,,,,,,,,,,,,,99.9,,,,,,,,,,99.9,,,,,
Sweden,SWE,,,,,,,,,,,,,,,,,,,,,,,,,,,,,,
Eswatini,SWZ,,,,,,,,,,,92.94364,,,,,,,,,,94.74849,,,,,,,,96.69525,
Sint Maarten (Dutch part),SXM,,,,,,,,,,,,,,,,,,,,,,,,,,,,,,
Seychelles,SYC,,,,,99.13842773,,,,,,,,99.37438,,,,,,,,99.38308,,,,,,,,99.6,
Syrian Arab Republic,SYR,,,,,,,,,,,,,92.96355,,90.21858,,,,,,,,,,,,,,,
Turks and Caicos Islands,TCA,,,,,,,,,,,,,,,,,,,,,,,,,,,,,,
Chad,TCD,,,,8.945839882,,,,,,,23.2354,,,,30.77491,,,,,,,,,,,25.99362,22.38715,,,
East Asia & Pacific (IDA & IBRD countries),TEA,91.8935318,91.99382019,92.0761795,92.1146698,92.26895142,92.41824341,92.72441864,95.87769318,95.99604034,96.14279175,97.4213028,96.34718323,96.50435638,96.75318146,97.9641571,98.07965088,97.99936676,98.35151672,98.78977203,98.77877808,98.77891,98.3405,98.37987,98.43546,98.65281,98.6724,98.70424,98.74948,98.78743,
Europe & Central Asia (IDA & IBRD countries),TEC,97.8150177,97.87725067,97.95700073,98.03907776,98.11927032,98.19680786,98.27545166,98.34500885,98.43592072,98.45023346,98.44574738,98.49681854,98.53987122,98.56147003,98.55957794,98.69999695,98.71807098,98.74115753,98.77584076,99.17436218,99.27798,99.40546,99.47608,99.53946,99.57735,99.61784,99.68644,99.70631,99.73577,
Togo,TGO,,,,,,,,,,,63.55485,,,,,,67.9237,,,74.55535,,72.70812,,,,78.37085,,,,
Thailand,THA,,,,,,,,,,,97.84793,,,,,97.87893,,,,,96.55204,,,98.65491,,98.29299,,,,
Tajikistan,TJK,,,,,,,,,,,99.84972,,,,,,,,,,,,,,99.9,,,,,
Turkmenistan,TKM,,,,,,99.81292725,,,,,,,,,,,,,,,,,,,99.9,,,,,
Latin America & the Caribbean (IDA & IBRD countries),TLA,92.00466156,92.51725769,93.03285217,93.50920868,93.97659302,94.42867279,94.74456787,94.79879761,95.07964325,95.3079834,95.5279007,95.62734222,95.95372772,96.62684631,96.80937958,96.98914337,96.91822815,97.22675323,97.35546112,97.63070679,97.62244,98.0224,98.15562,98.11725,98.40417,98.51058,98.63968,98.66443,98.73872,
Timor-Leste,TLS,,,,,,,,,,,,,,,,,,,,,78.56844,,,,,,,,84.65051,
Middle East & North Africa (IDA & IBRD countries),TMN,67.47975159,69.36682892,70.99671173,70.54277802,72.04827881,74.155159,75.5870285,76.78270721,77.56761169,78.70847321,79.75753784,80.88417053,82.1843338,82.63401031,83.58467865,84.21547699,85.01038361,85.83791351,86.76080322,83.8428421,84.26888,84.1051,85.39058,86.48199,86.77771,87.00918,85.37162,85.77979,86.0791,
Tonga,TON,,,,,,,99.35449982,,,,,,,,,,99.55504,,,,,99.51043,,,,,,,99.53978,
South Asia (IDA & IBRD),TSA,45.60615158,46.89239883,48.70425034,50.2233696,51.92652893,53.58995819,55.20663071,56.62387085,59.39424896,61.29103851,63.05382919,64.52622986,66.34430695,67.62767029,69.25145721,69.39512634,71.62554932,72.65702057,74.96334076,76.44506073,77.26615,78.58155,79.81081,81.47154,82.71295,84.15962,85.63959,86.31331,87.23147,
Sub-Saharan Africa (IDA & IBRD countries),TSS,58.68338013,59.13175964,59.50804901,60.17234039,60.85194016,61.21974182,61.98553848,62.79021072,62.77875137,63.55381012,61.03509903,61.87366867,62.13613892,62.85422897,64.50287628,63.48315811,62.22801971,62.97676086,62.81610107,63.66653061,64.57545,67.15514,68.8542,69.25489,70.26543,71.13569,72.0265,73.0345,73.68765,
Trinidad and Tobago,TTO,99.30000305,,,,,,,,,,99.4,,,,,,,,,,99.6,,,,,,,,,
Tunisia,TUN,,,,,,,,,,,,,,,92.2407,,,94.72457,95.78644,,96.09356,96.31759,95.71758,,95.80119,,,,,
Turkey,TUR,88.38578796,,,,,,,,,,,,,,93.29502,93.96016,94.11954,94.28914,,96.57019,97.19733,97.9363,98.41265,98.74206,98.95092,99.16708,99.37155,99.58643,,
Tuvalu,TUV,,,,,,,,,,,,,,,,,,,,,,,,,,,,,,
Tanzania,TZA,,,,,,,,,,,,,76.20202,,,,,,,,72.771,,84.84802,,,84.6408,,,,
Uganda,UGA,,63.12382889,,,,,,,,,,,76.1791,,,,81.12965,,,,85.47146,,81.6542,,,,,,89.95064,
Ukraine,UKR,,,,,,,,,,,,99.83452,,,,,,,,,,,99.98272,,,,,,,
Upper middle income,UMC,91.69577026,91.92566681,92.11187744,92.28941345,92.46340942,92.70813751,93.05307007,95.60218048,95.71336365,95.89530945,97.04031372,96.25662231,96.46633148,96.79724121,97.86287689,97.99176788,98.05747223,98.36502838,98.47763824,98.16877747,98.1872,98.23591,98.27253,98.27241,98.32635,98.30148,98.34075,98.29408,98.28482,
Uruguay,URY,,,,,,,99.01730347,,,,,,,,,,99.11466,99.01907,99.3203,99.2278,99.22541,99.12098,99.29778,99.31015,99.39062,99.22868,99.4413,99.31699,99.16599,
United States,USA,,,,,,,,,,,,,,,,,,,,,,,,,,,,,,
Uzbekistan,UZB,,,,,,,,,,,99.89448,,,,,,,,,,,,,100,100,100,100,,,
St. Vincent and the Grenadines,VCT,,,,,,,,,,,,,,,,,,,,,,,,,,,,,,
"Venezuela, RB",VEN,96.35971069,,,,,,,,,,,98.06629,,,,,,98.8361,,98.80499,,98.23637,,,,99.31739,99.09258,,,
British Virgin Islands,VGB,,,,,,,,,,,,,,,,,,,,,,,,,,,,,,
Virgin Islands (U.S.),VIR,,,,,,,,,,,,,,,,,,,,,,,,,,,,,,
Vietnam,VNM,,,,,,,,,,93.82260895,94.05552,,,,,,,,,96.78113,,,,,,,,,98.35314,
Vanuatu,VUT,,,,,85.09999847,,,,,,,,,,91.8,,,,,,,,,,95.6,,,,96.59661,
World,WLD,78.91200256,79.14584351,79.43518829,79.59612274,79.93717194,80.27575684,80.70443726,81.90743256,82.44258881,82.92961121,83.37490845,83.48616028,84.07063293,84.61238861,85.6464386,85.58466339,85.91275024,86.3621521,86.98391724,87.21273804,87.40254,87.85688,88.34544,88.72417,89.14114,89.5252,89.85765,90.11882,90.39498,
Samoa,WSM,,98.94999695,,,,,,,,,,,,,,,,,,,,99.45804,,,,,,,99.43575,
Kosovo,XKX,,,,,,,,,,,,,,,,,,,,,,,,,,,,,,
"Yemen, Rep.",YEM,,,,,35.37773132,,,,,,,,,,60.6,,,,,,,,,,,,,,,
South Africa,ZAF,,,,,,,94.2885437,,,,,,,,,,,98.09211,,98.8174,98.90137,99.15214,99.27071,,99.08437,99.22904,,96.87589,,
Zambia,ZMB,65.52436829,,,,,,,,,66.22680664,,,66.31098,,,,,58.47755,,,86.50945,,,,,,,,91.62819,
Zimbabwe,ZWE,,,94.35343933,,,,,,,,,,,,,,,,,,,92.12456,,,93.18835,,,,,
