Country,Country Code,1990,1991,1992,1993,1994,1995,1996,1997,1998,1999,2000,2001,2002,2003,2004,2005,2006,2007,2008,2009,2010,2011,2012,2013,2014,2015,2016,2017,2018,year2019
Aruba,ABW,50.27,49.7,49.13,48.7648,48.3996,48.0344,47.6692,47.304,46.067,44.83,43.593,42.356,41.119,39.6676,38.2162,36.7648,35.3134,33.862,32.792,31.722,30.652,29.582,28.512,27.3444,26.1768,25.0092,23.8416,22.674,,
Afghanistan,AFG,162.8354,163.3822,163.929,164.1888,164.4486,164.7084,164.9682,165.228,161.469,157.71,153.951,150.192,146.433,143.7648,141.0966,138.4284,135.7602,133.092,126.633,120.174,113.715,107.256,100.797,94.429,88.061,81.693,75.325,68.957,,
Angola,AGO,216.6,214.8,213,210.9,208.8,206.7,204.6,202.5,200.5664,198.6328,196.6992,194.7656,192.832,190.5114,188.1908,185.8702,183.5496,181.229,178.4632,175.6974,172.9316,170.1658,167.4,164.0252,160.6504,157.2756,153.9008,150.526,,
Albania,ALB,17.7766,18.2548,18.733,18.8524,18.9718,19.0912,19.2106,19.33,19.2324,19.1348,19.0372,18.9396,18.842,18.765,18.688,18.611,18.534,18.457,18.9116,19.3662,19.8208,20.2754,20.73,20.5124,20.2948,20.0772,19.8596,19.642,,
Andorra,AND,,,,,,,,,,,,,,,,,,,,,,,,,,,,,,
Arab World,ARB,71.13964856,69.06829198,67.33238082,65.34886568,63.37309431,61.23988111,59.26089013,57.26914795,56.25427778,55.28152078,54.34604771,53.30940739,52.2977427,51.89782434,51.53838449,51.21296301,50.8396013,50.51953947,50.3052866,50.11920544,49.96689653,49.86689093,49.79082562,49.34496325,48.85366465,48.27973701,47.50548913,46.68885146,,
United Arab Emirates,ARE,55.4292,48.8506,42.272,39.3358,36.3996,33.4634,30.5272,27.591,27.1906,26.7902,26.3898,25.9894,25.589,26.4506,27.3122,28.1738,29.0354,29.897,27.2716,24.6462,22.0208,19.3954,16.77,14.7252,12.6804,10.6356,8.5908,6.546,,
Argentina,ARG,73.493,73.524,73.555,72.8042,72.0534,71.3026,70.5518,69.801,68.6524,67.5038,66.3552,65.2066,64.058,63.834,63.61,63.386,63.162,62.938,63.0638,63.1896,63.3154,63.4412,63.567,63.41,63.253,63.096,62.939,62.782,,
Armenia,ARM,74.2962,77.1816,80.067,74.032,67.997,61.962,55.927,49.892,46.3922,42.8924,39.3926,35.8928,32.393,31.4714,30.5498,29.6282,28.7066,27.785,27.1964,26.6078,26.0192,25.4306,24.842,24.1716,23.5012,22.8308,22.1604,21.49,,
American Samoa,ASM,,,,,,,,,,,,,,,,,,,,,,,,,,,,,,
Antigua and Barbuda,ATG,76.3978,74.0944,71.791,70.5096,69.2282,67.9468,66.6654,65.384,64.2476,63.1112,61.9748,60.8384,59.702,57.9936,56.2852,54.5768,52.8684,51.16,50.328,49.496,48.664,47.832,47,46.1564,45.3128,44.4692,43.6256,42.782,,
Australia,AUS,20.965,20.92,20.875,20.5906,20.3062,20.0218,19.7374,19.453,18.9462,18.4394,17.9326,17.4258,16.919,16.9552,16.9914,17.0276,17.0638,17.1,16.1404,15.1808,14.2212,13.2616,12.302,12.1846,12.0672,11.9498,11.8324,11.715,,
Austria,AUT,20.787,20.588,20.389,19.269,18.149,17.029,15.909,14.789,14.5004,14.2118,13.9232,13.6346,13.346,12.9022,12.4584,12.0146,11.5708,11.127,10.5944,10.0618,9.5292,8.9966,8.464,8.2392,8.0144,7.7896,7.5648,7.34,,
Azerbaijan,AZE,32.7924,35.1622,37.532,38.492,39.452,40.412,41.372,42.332,40.3902,38.4484,36.5066,34.5648,32.623,33.7954,34.9678,36.1402,37.3126,38.485,40.636,42.787,44.938,47.089,49.24,50.5596,51.8792,53.1988,54.5184,55.838,,
Burundi,BDI,83.683,84.224,84.765,83.604,82.443,81.282,80.121,78.96,78.062,77.164,76.266,75.368,74.47,72.6116,70.7532,68.8948,67.0364,65.178,64.2804,63.3828,62.4852,61.5876,60.69,59.67,58.65,57.63,56.61,55.59,,
Belgium,BEL,11.0454,10.9322,10.819,10.6906,10.5622,10.4338,10.3054,10.177,10.3316,10.4862,10.6408,10.7954,10.95,10.766,10.582,10.398,10.214,10.03,9.2298,8.4296,7.6294,6.8292,6.029,5.7534,5.4778,5.2022,4.9266,4.651,,
Benin,BEN,125.2996,126.0328,126.766,125.9774,125.1888,124.4002,123.6116,122.823,121.3902,119.9574,118.5246,117.0918,115.659,114.263,112.867,111.471,110.075,108.679,106.2162,103.7534,101.2906,98.8278,96.365,94.3112,92.2574,90.2036,88.1498,86.096,,
Burkina Faso,BFA,146.964,145.893,144.822,144.379,143.936,143.493,143.05,142.607,141.506,140.405,139.304,138.203,137.102,135.6118,134.1216,132.6314,131.1412,129.651,126.8024,123.9538,121.1052,118.2566,115.408,113.1922,110.9764,108.7606,106.5448,104.329,,
Bangladesh,BGD,153.9614,148.7142,143.467,139.0954,134.7238,130.3522,125.9806,121.609,118.4906,115.3722,112.2538,109.1354,106.017,103.6338,101.2506,98.8674,96.4842,94.101,93.0018,91.9026,90.8034,89.7042,88.605,87.4764,86.3478,85.2192,84.0906,82.962,,
Bulgaria,BGR,70.3296,68.5218,66.714,63.021,59.328,55.635,51.942,48.249,47.102,45.955,44.808,43.661,42.514,43.2528,43.9916,44.7304,45.4692,46.208,45.7176,45.2272,44.7368,44.2464,43.756,42.9768,42.1976,41.4184,40.6392,39.86,,
Bahrain,BHR,26.4034,24.3572,22.311,21.6048,20.8986,20.1924,19.4862,18.78,18.381,17.982,17.583,17.184,16.785,16.3854,15.9858,15.5862,15.1866,14.787,14.6282,14.4694,14.3106,14.1518,13.993,13.868,13.743,13.618,13.493,13.368,,
"Bahamas, The",BHS,69.7042,69.6736,69.643,68.0948,66.5466,64.9984,63.4502,61.902,58.342,54.782,51.222,47.662,44.102,43.1744,42.2468,41.3192,40.3916,39.464,38.1306,36.7972,35.4638,34.1304,32.797,32.2378,31.6786,31.1194,30.5602,30.001,,
Bosnia and Herzegovina,BIH,30.0996,27.8428,25.586,25.5168,25.4476,25.3784,25.3092,25.24,23.9656,22.6912,21.4168,20.1424,18.868,18.3324,17.7968,17.2612,16.7256,16.19,15.3634,14.5368,13.7102,12.8836,12.057,11.574,11.091,10.608,10.125,9.642,,
Belarus,BLR,41.6556,42.9458,44.236,41.993,39.75,37.507,35.264,33.021,31.275,29.529,27.783,26.037,24.291,23.8958,23.5006,23.1054,22.7102,22.315,22.1266,21.9382,21.7498,21.5614,21.373,19.9998,18.6266,17.2534,15.8802,14.507,,
Belize,BLZ,125.6696,123.6928,121.716,118.6248,115.5336,112.4424,109.3512,106.26,103.2454,100.2308,97.2162,94.2016,91.187,88.6808,86.1746,83.6684,81.1622,78.656,77.4606,76.2652,75.0698,73.8744,72.679,71.8406,71.0022,70.1638,69.3254,68.487,,
Bermuda,BMU,,,,,,,,,,,,,,,,,,,,,,,,,,,,,,
Bolivia,BOL,93.8224,92.9762,92.13,91.2548,90.3796,89.5044,88.6292,87.754,87.3452,86.9364,86.5276,86.1188,85.71,84.9532,84.1964,83.4396,82.6828,81.926,80.1186,78.3112,76.5038,74.6964,72.889,71.2912,69.6934,68.0956,66.4978,64.9,,
Brazil,BRA,82.9406,83.3338,83.727,83.834,83.941,84.048,84.155,84.262,83.578,82.894,82.21,81.526,80.842,78.904,76.966,75.028,73.09,71.152,69.7322,68.3124,66.8926,65.4728,64.053,63.0646,62.0762,61.0878,60.0994,59.111,,
Barbados,BRB,54.7198,56.3134,57.907,56.7314,55.5558,54.3802,53.2046,52.029,51.7264,51.4238,51.1212,50.8186,50.516,49.8788,49.2416,48.6044,47.9672,47.33,46.4058,45.4816,44.5574,43.6332,42.709,40.8772,39.0454,37.2136,35.3818,33.55,,
Brunei Darussalam,BRN,39.5266,38.8998,38.273,36.392,34.511,32.63,30.749,28.868,28.4038,27.9396,27.4754,27.0112,26.547,24.849,23.151,21.453,19.755,18.057,17.3338,16.6106,15.8874,15.1642,14.441,13.6072,12.7734,11.9396,11.1058,10.272,,
Bhutan,BTN,103.574,102.262,100.95,98.5936,96.2372,93.8808,91.5244,89.168,85.1654,81.1628,77.1602,73.1576,69.155,64.9028,60.6506,56.3984,52.1462,47.894,43.913,39.932,35.951,31.97,27.989,26.428,24.867,23.306,21.745,20.184,,
Botswana,BWA,105.9442,100.5466,95.149,90.185,85.221,80.257,75.293,70.329,66.6114,62.8938,59.1762,55.4586,51.741,51.1248,50.5086,49.8924,49.2762,48.66,48.558,48.456,48.354,48.252,48.15,47.7322,47.3144,46.8966,46.4788,46.061,,
Central African Republic,CAF,156.927,155.841,154.755,153.9406,153.1262,152.3118,151.4974,150.683,150.14,149.597,149.054,148.511,147.968,147.1534,146.3388,145.5242,144.7096,143.895,142.809,141.723,140.637,139.551,138.465,136.5868,134.7086,132.8304,130.9522,129.074,,
Canada,CAN,24.3798,24.7604,25.141,24.1362,23.1314,22.1266,21.1218,20.117,19.0226,17.9282,16.8338,15.7394,14.645,14.4514,14.2578,14.0642,13.8706,13.677,13.2404,12.8038,12.3672,11.9306,11.494,10.8726,10.2512,9.6298,9.0084,8.387,,
Central Europe and the Baltics,CEB,42.03701211,40.59176431,39.18536979,36.68970627,34.19426424,31.68818478,29.17894982,26.64341616,25.58856255,24.59247322,23.71076827,22.77679163,21.91032859,22.37301333,22.82144916,23.18136066,23.37998105,23.41554772,22.65794477,21.99980864,21.4866074,21.02007794,20.62863773,20.42772224,20.24953678,20.06562046,19.86873567,19.67908304,,
Switzerland,CHE,6.4518,6.4994,6.547,6.3756,6.2042,6.0328,5.8614,5.69,5.6204,5.5508,5.4812,5.4116,5.342,5.1734,5.0048,4.8362,4.6676,4.499,4.2998,4.1006,3.9014,3.7022,3.503,3.355,3.207,3.059,2.911,2.763,,
Channel Islands,CHI,17.2128,17.2644,17.316,16.9716,16.6272,16.2828,15.9384,15.594,14.948,14.302,13.656,13.01,12.364,12.075,11.786,11.497,11.208,10.919,10.4878,10.0566,9.6254,9.1942,8.763,8.3832,8.0034,7.6236,7.2438,6.864,,
Chile,CHL,66.11,67.297,68.484,67.8598,67.2356,66.6114,65.9872,65.363,63.6964,62.0298,60.3632,58.6966,57.03,56.6368,56.2436,55.8504,55.4572,55.064,54.8116,54.5592,54.3068,54.0544,53.802,51.252,48.702,46.152,43.602,41.052,,
China,CHN,20.1536,17.9608,15.768,14.9452,14.1224,13.2996,12.4768,11.654,11.073,10.492,9.911,9.33,8.749,8.4572,8.1654,7.8736,7.5818,7.29,7.3074,7.3248,7.3422,7.3596,7.377,7.4286,7.4802,7.5318,7.5834,7.635,,
Cote d'Ivoire,CIV,156.048,152.054,148.06,146.1112,144.1624,142.2136,140.2648,138.316,138.133,137.95,137.767,137.584,137.401,136.3116,135.2222,134.1328,133.0434,131.954,130.4458,128.9376,127.4294,125.9212,124.413,123.0558,121.6986,120.3414,118.9842,117.627,,
Cameroon,CMR,183.1988,180.4404,177.682,174.536,171.39,168.244,165.098,161.952,159.5584,157.1648,154.7712,152.3776,149.984,146.3422,142.7004,139.0586,135.4168,131.775,129.6118,127.4486,125.2854,123.1222,120.959,117.9272,114.8954,111.8636,108.8318,105.8,,
"Congo, Dem. Rep.",COD,129.3978,128.2514,127.105,126.5052,125.9054,125.3056,124.7058,124.106,124.5532,125.0004,125.4476,125.8948,126.342,127.2276,128.1132,128.9988,129.8844,130.77,130.4848,130.1996,129.9144,129.6292,129.344,128.3192,127.2944,126.2696,125.2448,124.22,,
"Congo, Rep.",COG,128.3248,126.8624,125.4,124.8984,124.3968,123.8952,123.3936,122.892,122.6412,122.3904,122.1396,121.8888,121.638,121.4256,121.2132,121.0008,120.7884,120.576,120.13,119.684,119.238,118.792,118.346,117.1226,115.8992,114.6758,113.4524,112.229,,
Colombia,COL,96.2052,97.8666,99.528,99.8068,100.0856,100.3644,100.6432,100.922,99.8418,98.7616,97.6814,96.6012,95.521,92.8456,90.1702,87.4948,84.8194,82.144,80.3788,78.6136,76.8484,75.0832,73.318,71.9846,70.6512,69.3178,67.9844,66.651,,
Comoros,COM,112.4578,110.3294,108.201,106.349,104.497,102.645,100.793,98.941,97.5918,96.2426,94.8934,93.5442,92.195,89.6594,87.1238,84.5882,82.0526,79.517,78.5028,77.4886,76.4744,75.4602,74.446,72.627,70.808,68.989,67.17,65.351,,
Cabo Verde,CPV,110.6228,111.1594,111.696,109.4566,107.2172,104.9778,102.7384,100.499,99.17,97.841,96.512,95.183,93.854,92.7968,91.7396,90.6824,89.6252,88.568,86.5846,84.6012,82.6178,80.6344,78.651,77.6726,76.6942,75.7158,74.7374,73.759,,
Costa Rica,CRI,95.4168,94.5014,93.586,91.5036,89.4212,87.3388,85.2564,83.174,80.4264,77.6788,74.9312,72.1836,69.436,68.2628,67.0896,65.9164,64.7432,63.57,62.8094,62.0488,61.2882,60.5276,59.767,58.5056,57.2442,55.9828,54.7214,53.46,,
Caribbean small states,CSS,88.35204175,87.01271141,85.66633266,84.42829842,83.16325806,81.84257409,80.45434745,78.94752479,77.2119472,75.47549414,73.80370757,72.26980463,70.84430193,69.62682184,68.48279409,67.40107117,66.45829009,65.51471982,64.1948103,62.78462827,61.26006626,59.6228876,57.92436212,56.70022979,55.44673457,54.17212646,52.83205438,51.47586514,,
Cuba,CUB,74.1354,70.2732,66.411,64.8624,63.3138,61.7652,60.2166,58.668,56.7474,54.8268,52.9062,50.9856,49.065,48.7594,48.4538,48.1482,47.8426,47.537,48.7802,50.0234,51.2666,52.5098,53.753,53.3208,52.8886,52.4564,52.0242,51.592,,
Curacao,CUW,51.7088,51.6184,51.528,49.964,48.4,46.836,45.272,43.708,42.8944,42.0808,41.2672,40.4536,39.64,39.144,38.648,38.152,37.656,37.16,36.7452,36.3304,35.9156,35.5008,35.086,33.6572,32.2284,30.7996,29.3708,27.942,,
Cayman Islands,CYM,,,,,,,,,,,,,,,,,,,,,,,,,,,,,,
Cyprus,CYP,28.4488,26.3904,24.332,22.0764,19.8208,17.5652,15.3096,13.054,11.8884,10.7228,9.5572,8.3916,7.226,7.0678,6.9096,6.7514,6.5932,6.435,6.1802,5.9254,5.6706,5.4158,5.161,5.0452,4.9294,4.8136,4.6978,4.582,,
Czech Republic,CZE,44.8534,42.9712,41.089,36.184,31.279,26.374,21.469,16.564,15.5232,14.4824,13.4416,12.4008,11.36,11.3114,11.2628,11.2142,11.1656,11.117,11.044,10.971,10.898,10.825,10.752,10.996,11.24,11.484,11.728,11.972,,
Germany,DEU,16.33,16.119,15.908,15.3492,14.7904,14.2316,13.6728,13.114,12.9652,12.8164,12.6676,12.5188,12.37,11.8502,11.3304,10.8106,10.2908,9.771,9.4294,9.0878,8.7462,8.4046,8.063,8.0694,8.0758,8.0822,8.0886,8.095,,
Djibouti,DJI,47.2616,46.3638,45.466,43.6466,41.8272,40.0078,38.1884,36.369,35.279,34.189,33.099,32.009,30.919,29.7976,28.6762,27.5548,26.4334,25.312,24.592,23.872,23.152,22.432,21.712,21.1378,20.5636,19.9894,19.4152,18.841,,
Dominica,DMA,,,,,,,,,,,,,,,,,,,,,,,,,,,,,,
Denmark,DNK,9.0282,8.9646,8.901,8.7222,8.5434,8.3646,8.1858,8.007,7.7292,7.4514,7.1736,6.8958,6.618,6.4682,6.3184,6.1686,6.0188,5.869,5.5824,5.2958,5.0092,4.7226,4.436,4.3734,4.3108,4.2482,4.1856,4.123,,
Dominican Republic,DOM,111.0006,111.9668,112.933,112.3228,111.7126,111.1024,110.4922,109.882,109.2058,108.5296,107.8534,107.1772,106.501,106.1268,105.7526,105.3784,105.0042,104.63,103.2216,101.8132,100.4048,98.9964,97.588,96.9224,96.2568,95.5912,94.9256,94.26,,
Algeria,DZA,27.8012,26.0506,24.3,22.4138,20.5276,18.6414,16.7552,14.869,13.8312,12.7934,11.7556,10.7178,9.68,9.6814,9.6828,9.6842,9.6856,9.687,10.0608,10.4346,10.8084,11.1822,11.556,11.259,10.962,10.665,10.368,10.071,,
East Asia & Pacific (excluding high income),EAP,29.63679873,28.2435881,26.92751837,26.31458681,25.66284048,24.92494791,23.99437087,23.01049078,22.80457644,22.46377924,21.96192948,21.30873644,20.49237652,19.78863521,19.2795043,19.04019296,18.94755376,19.13468774,19.86571936,20.66885648,21.37192919,21.99465397,22.43961382,22.40647283,22.33355102,22.2894996,22.22011503,22.14120926,,
Early-demographic dividend,EAR,91.35702385,89.05554892,86.76234903,84.03426045,81.30071142,78.55468849,75.79483294,73.01914674,70.81498182,68.61168638,66.41152483,64.1940204,61.97466195,60.14163253,58.32222215,56.51765345,54.71995626,52.92592428,51.40874696,49.89190068,48.36599084,46.84044998,45.29919725,43.68151542,42.0421024,40.3852276,38.68420364,36.98228784,,
East Asia & Pacific,EAS,27.45861742,26.15742552,24.94833717,24.39319176,23.80835044,23.14815341,22.32695275,21.45355152,21.28853181,21.0185421,20.61982526,20.08783605,19.41700125,18.8306497,18.39949846,18.19015037,18.09036746,18.22276204,18.82970676,19.49346934,20.07211404,20.58808173,20.95573975,20.91159052,20.83737778,20.79272915,20.7301823,20.66823116,,
Europe & Central Asia (excluding high income),ECA,54.03366515,53.98563382,53.935004,51.58086014,49.22111648,46.85508559,44.46568465,42.05953639,39.95851333,37.84258706,35.71401808,33.57344238,31.4271369,31.35128628,31.29627857,31.25465691,31.20303423,31.12927909,30.81301491,30.53473386,30.27345495,30.03105379,29.79425385,29.16705891,28.53019431,27.87273689,27.18529382,26.46074373,,
Europe & Central Asia,ECS,35.96999429,35.94530217,35.90638047,34.58855965,33.22280816,31.81800778,30.36988962,28.87790719,27.79315389,26.6800324,25.5481597,24.35923884,23.15647484,23.10652197,23.03572283,22.92548194,22.75683327,22.52968054,21.98641887,21.46694744,20.97421834,20.47349803,19.96680345,19.36126002,18.77737945,18.21259559,17.64146802,17.0931735,,
Ecuador,ECU,86.5112,86.0046,85.498,85.2596,85.0212,84.7828,84.5444,84.306,84.2676,84.2292,84.1908,84.1524,84.114,84.0088,83.9036,83.7984,83.6932,83.588,83.4192,83.2504,83.0816,82.9128,82.744,82.0474,81.3508,80.6542,79.9576,79.261,,
"Egypt, Arab Rep.",EGY,89.501,84.968,80.435,76.4452,72.4554,68.4656,64.4758,60.486,58.8856,57.2852,55.6848,54.0844,52.484,51.8576,51.2312,50.6048,49.9784,49.352,50.6334,51.9148,53.1962,54.4776,55.759,55.371,54.983,54.595,54.207,53.819,,
Euro area,EMU,13.98074701,13.51981079,13.06237394,12.61225904,12.15437539,11.68243595,11.19672995,10.69827302,10.7218129,10.73600589,10.74179522,10.73805153,10.72521506,10.54359878,10.35197566,10.15606904,9.962733941,9.774632675,9.380909536,8.98377359,8.584276328,8.180126385,7.780091157,7.554894109,7.332392666,7.114383033,6.893647809,6.673134152,,
Eritrea,ERI,111.9256,110.9238,109.922,107.5196,105.1172,102.7148,100.3124,97.91,94.805,91.7,88.595,85.49,82.385,81.1238,79.8626,78.6014,77.3402,76.079,72.9266,69.7742,66.6218,63.4694,60.317,58.7642,57.2114,55.6586,54.1058,52.553,,
Spain,ESP,11.8542,10.7666,9.679,9.3504,9.0218,8.6932,8.3646,8.036,8.4628,8.8896,9.3164,9.7432,10.17,10.684,11.198,11.712,12.226,12.74,11.9864,11.2328,10.4792,9.7256,8.972,8.7226,8.4732,8.2238,7.9744,7.725,,
Estonia,EST,46.0602,46.5746,47.089,43.7448,40.4006,37.0564,33.7122,30.368,28.9982,27.6284,26.2586,24.8888,23.519,23.3278,23.1366,22.9454,22.7542,22.563,21.2766,19.9902,18.7038,17.4174,16.131,14.4444,12.7578,11.0712,9.3846,7.698,,
Ethiopia,ETH,118.3444,118.0092,117.674,117.6464,117.6188,117.5912,117.5636,117.536,115.2386,112.9412,110.6438,108.3464,106.049,102.1638,98.2786,94.3934,90.5082,86.623,84.894,83.165,81.436,79.707,77.978,75.7278,73.4776,71.2274,68.9772,66.727,,
European Union,EUU,21.81247434,21.24571845,20.69513699,19.97783086,19.21650182,18.39336254,17.52731585,16.62474322,16.31402169,16.01337043,15.73518605,15.44607607,15.17582939,15.16524667,15.13507763,15.06333727,14.92890713,14.73729421,14.07441847,13.43919992,12.83586425,12.24391887,11.65605924,11.2607926,10.87391331,10.49255653,10.10931047,9.736329752,,
Fragile and conflict affected situations,FCS,108.4036549,107.9362483,107.5378294,107.1534649,106.7256011,106.2306134,105.6700149,105.0726628,104.5215477,103.9988208,103.52373,103.1035549,102.6967663,102.4414483,102.1924214,101.9390868,101.6918382,101.4448806,100.104451,98.74548464,97.3663043,95.95876293,94.55410867,93.08009271,91.60007887,90.12002472,88.64195197,87.17450683,,
Finland,FIN,11.918,11.649,11.38,10.9968,10.6136,10.2304,9.8472,9.464,9.6894,9.9148,10.1402,10.3656,10.591,10.319,10.047,9.775,9.503,9.231,8.8694,8.5078,8.1462,7.7846,7.423,7.101,6.779,6.457,6.135,5.813,,
Fiji,FJI,63.0594,62.9862,62.913,59.4206,55.9282,52.4358,48.9434,45.451,44.594,43.737,42.88,42.023,41.166,41.9814,42.7968,43.6122,44.4276,45.243,45.375,45.507,45.639,45.771,45.903,46.593,47.283,47.973,48.663,49.353,,
France,FRA,8.7576,8.3978,8.038,7.8742,7.7104,7.5466,7.3828,7.219,7.3606,7.5022,7.6438,7.7854,7.927,7.7912,7.6554,7.5196,7.3838,7.248,7.128,7.008,6.888,6.768,6.648,6.2638,5.8796,5.4954,5.1112,4.727,,
Faroe Islands,FRO,,,,,,,,,,,,,,,,,,,,,,,,,,,,,,
"Micronesia, Fed. Sts.",FSM,50.4002,49.3816,48.363,47.6548,46.9466,46.2384,45.5302,44.822,42.7102,40.5984,38.4866,36.3748,34.263,32.4956,30.7282,28.9608,27.1934,25.426,24.052,22.678,21.304,19.93,18.556,17.6296,16.7032,15.7768,14.8504,13.924,,
Gabon,GAB,184.2212,180.9916,177.762,172.5496,167.3372,162.1248,156.9124,151.7,147.3016,142.9032,138.5048,134.1064,129.708,127.1218,124.5356,121.9494,119.3632,116.777,114.6548,112.5326,110.4104,108.2882,106.166,104.1782,102.1904,100.2026,98.2148,96.227,,
United Kingdom,GBR,30.9754,30.7442,30.513,30.4738,30.4346,30.3954,30.3562,30.317,29.5742,28.8314,28.0886,27.3458,26.603,26.354,26.105,25.856,25.607,25.358,23.9822,22.6064,21.2306,19.8548,18.479,17.4572,16.4354,15.4136,14.3918,13.37,,
Georgia,GEO,62.8746,65.8978,68.921,67.2456,65.5702,63.8948,62.2194,60.544,58.1054,55.6668,53.2282,50.7896,48.351,48.832,49.313,49.794,50.275,50.756,50.9344,51.1128,51.2912,51.4696,51.648,50.6,49.552,48.504,47.456,46.408,,
Ghana,GHA,109.512,106.675,103.838,101.2128,98.5876,95.9624,93.3372,90.712,88.4626,86.2132,83.9638,81.7144,79.465,78.3214,77.1778,76.0342,74.8906,73.747,73.3528,72.9586,72.5644,72.1702,71.776,70.743,69.71,68.677,67.644,66.611,,
Gibraltar,GIB,,,,,,,,,,,,,,,,,,,,,,,,,,,,,,
Guinea,GIN,180.7146,180.5078,180.301,179.1144,177.9278,176.7412,175.5546,174.368,172.5512,170.7344,168.9176,167.1008,165.284,163.303,161.322,159.341,157.36,155.379,153.4778,151.5766,149.6754,147.7742,145.873,143.7572,141.6414,139.5256,137.4098,135.294,,
"Gambia, The",GMB,163.212,157.818,152.424,148.5306,144.6372,140.7438,136.8504,132.957,129.9044,126.8518,123.7992,120.7466,117.694,114.8452,111.9964,109.1476,106.2988,103.45,100.9386,98.4272,95.9158,93.4044,90.893,88.3514,85.8098,83.2682,80.7266,78.185,,
Guinea-Bissau,GNB,135.8034,137.0362,138.269,137.5052,136.7414,135.9776,135.2138,134.45,133.029,131.608,130.187,128.766,127.345,125.902,124.459,123.016,121.573,120.13,117.664,115.198,112.732,110.266,107.8,107.2046,106.6092,106.0138,105.4184,104.823,,
Equatorial Guinea,GNQ,192.812,194.535,196.258,194.8878,193.5176,192.1474,190.7772,189.407,187.2834,185.1598,183.0362,180.9126,178.789,177.949,177.109,176.269,175.429,174.589,173.0264,171.4638,169.9012,168.3386,166.776,164.5452,162.3144,160.0836,157.8528,155.622,,
Greece,GRC,22.0782,19.7126,17.347,16.2168,15.0866,13.9564,12.8262,11.696,11.4752,11.2544,11.0336,10.8128,10.592,10.7362,10.8804,11.0246,11.1688,11.313,10.7582,10.2034,9.6486,9.0938,8.539,8.2758,8.0126,7.7494,7.4862,7.223,,
Grenada,GRD,89.7506,86.6028,83.455,79.0572,74.6594,70.2616,65.8638,61.466,59.4034,57.3408,55.2782,53.2156,51.153,49.404,47.655,45.906,44.157,42.408,40.998,39.588,38.178,36.768,35.358,34.1218,32.8856,31.6494,30.4132,29.177,,
Greenland,GRL,,,,,,,,,,,,,,,,,,,,,,,,,,,,,,
Guatemala,GTM,129.1102,128.7026,128.295,126.4058,124.5166,122.6274,120.7382,118.849,116.404,113.959,111.514,109.069,106.624,103.1252,99.6264,96.1276,92.6288,89.13,87.0182,84.9064,82.7946,80.6828,78.571,77.0428,75.5146,73.9864,72.4582,70.93,,
Guam,GUM,80.2224,78.8732,77.524,75.9942,74.4644,72.9346,71.4048,69.875,67.3642,64.8534,62.3426,59.8318,57.321,55.2848,53.2486,51.2124,49.1762,47.14,45.4516,43.7632,42.0748,40.3864,38.698,37.301,35.904,34.507,33.11,31.713,,
Guyana,GUY,84.6904,86.7522,88.814,89.587,90.36,91.133,91.906,92.679,94.1792,95.6794,97.1796,98.6798,100.18,98.6598,97.1396,95.6194,94.0992,92.579,90.6756,88.7722,86.8688,84.9654,83.062,81.326,79.59,77.854,76.118,74.382,,
High income,HIC,27.85007708,27.96547512,28.1982647,27.65569792,27.09304246,26.4746923,25.79360483,25.05462871,24.51567796,23.9687753,23.429395,22.87864268,22.3208927,22.17431749,22.0076475,21.80355721,21.51974458,21.21004018,20.26607945,19.30687508,18.33796989,17.36625991,16.36049355,15.57226255,14.78795342,14.01828068,13.26073984,12.51442494,,
"Hong Kong SAR, China",HKG,6.7246,6.6108,6.497,6.2632,6.0294,5.7956,5.5618,5.328,5.0072,4.6864,4.3656,4.0448,3.724,3.5802,3.4364,3.2926,3.1488,3.005,3.0082,3.0114,3.0146,3.0178,3.021,2.9578,2.8946,2.8314,2.7682,2.705,,
Honduras,HND,129.888,128.685,127.482,126.6748,125.8676,125.0604,124.2532,123.446,121.0086,118.5712,116.1338,113.6964,111.259,108.0484,104.8378,101.6272,98.4166,95.206,92.1836,89.1612,86.1388,83.1164,80.094,78.6576,77.2212,75.7848,74.3484,72.912,,
Heavily indebted poor countries (HIPC),HPC,140.3227413,139.6471451,138.9963477,138.5479808,138.0492789,137.4863188,136.8758727,136.1998536,134.993558,133.7941743,132.6341354,131.5505904,130.5227824,128.9398029,127.3734266,125.8031995,124.19054,122.5775337,120.4137232,118.2451607,116.074402,113.8777442,111.6782536,109.6140691,107.5675517,105.5518698,103.5626598,101.6108324,,
Croatia,HRV,26.3734,23.5202,20.667,20.3568,20.0466,19.7364,19.4262,19.116,18.335,17.554,16.773,15.992,15.211,15.0844,14.9578,14.8312,14.7046,14.578,13.8968,13.2156,12.5344,11.8532,11.172,10.6738,10.1756,9.6774,9.1792,8.681,,
Haiti,HTI,75.882,75.078,74.274,73.6858,73.0976,72.5094,71.9212,71.333,70.395,69.457,68.519,67.581,66.643,65.799,64.955,64.111,63.267,62.423,61.4516,60.4802,59.5088,58.5374,57.566,56.388,55.21,54.032,52.854,51.676,,
Hungary,HUN,40.2462,38.3916,36.537,34.3478,32.1586,29.9694,27.7802,25.591,24.6764,23.7618,22.8472,21.9326,21.018,20.7232,20.4284,20.1336,19.8388,19.544,19.6982,19.8524,20.0066,20.1608,20.315,21.0478,21.7806,22.5134,23.2462,23.979,,
IBRD only,IBD,59.05077201,58.09687289,57.20570695,56.23568153,55.16490466,53.93093924,52.42670478,50.8135443,49.52668015,48.0368211,46.35047629,44.5248485,42.5212918,40.84402144,39.40043757,38.28187469,37.40553094,36.80762167,36.51128016,36.17414642,35.65769702,34.99490969,34.15344426,33.04695848,31.88238305,30.70624506,29.48938578,28.24988936,,
IDA & IBRD total,IBT,72.30389825,71.51017644,70.7962869,70.07399002,69.23974008,68.21995432,66.90168106,65.46465888,64.21675674,62.76730546,61.13045538,59.34798041,57.39107321,55.74393381,54.36541527,53.36775839,52.64459729,52.27312401,52.24065816,52.1827003,51.94030456,51.52571068,50.93288472,50.08909551,49.19166319,48.29055343,47.33632509,46.36324673,,
IDA total,IDA,124.6299947,122.8924706,121.1880187,119.7132994,118.1804165,116.5583219,114.8432874,113.0531149,111.151632,109.268579,107.4297224,105.6551139,103.9422837,102.4913185,101.0763667,99.681833,98.26601181,96.87483442,95.59477389,94.34345329,93.10602336,91.88284883,90.69664331,89.44509392,88.19883096,86.95464545,85.70359501,84.46150463,,
IDA blend,IDB,112.952469,110.7533857,108.5059525,106.5030591,104.4684063,102.3832183,100.1951983,97.97979379,95.83902711,93.68257866,91.47350558,89.18794511,86.8879914,85.38241732,83.91710578,82.5056468,81.06942985,79.6896314,78.87035892,78.14611952,77.47657302,76.8761175,76.38913526,75.42752352,74.49745346,73.57813334,72.62883648,71.69491225,,
Indonesia,IDN,67.038,65.074,63.11,60.0576,57.0052,53.9528,50.9004,47.848,48.6824,49.5168,50.3512,51.1856,52.02,51.917,51.814,51.711,51.608,51.505,51.299,51.093,50.887,50.681,50.475,49.8548,49.2346,48.6144,47.9942,47.374,,
IDA only,IDX,130.4077137,128.914632,127.4979335,126.3053728,125.0399159,123.6626958,122.1999502,120.6285633,118.8453135,117.0976233,115.4534331,113.9593617,112.5815633,111.202648,109.8470659,108.4724539,107.0697874,105.6542985,104.1038459,102.5427726,100.9816591,99.39778871,97.81647445,96.38273368,94.94873999,93.51896872,92.09778251,90.69002956,,
Isle of Man,IMN,,,,,,,,,,,,,,,,,,,,,,,,,,,,,,
India,IND,98.7892,96.3826,93.976,90.5516,87.1272,83.7028,80.2784,76.854,73.515,70.176,66.837,63.498,60.159,57.039,53.919,50.799,47.679,44.559,41.2576,37.9562,34.6548,31.3534,28.052,25.077,22.102,19.127,16.152,13.177,,
Not classified,INX,,,,,,,,,,,,,,,,,,,,,,,,,,,,,,
Ireland,IRL,16.0202,16.0986,16.177,16.58,16.983,17.386,17.789,18.192,18.3116,18.4312,18.5508,18.6704,18.79,18.2878,17.7856,17.2834,16.7812,16.279,15.1788,14.0786,12.9784,11.8782,10.778,10.1254,9.4728,8.8202,8.1676,7.515,,
"Iran, Islamic Rep.",IRN,86.9396,78.7748,70.61,65.3508,60.0916,54.8324,49.5732,44.314,42.0012,39.6884,37.3756,35.0628,32.75,32.507,32.264,32.021,31.778,31.535,32.1422,32.7494,33.3566,33.9638,34.571,35.7838,36.9966,38.2094,39.4222,40.635,,
Iraq,IRQ,70.4966,68.9758,67.455,66.9284,66.4018,65.8752,65.3486,64.822,64.4874,64.1528,63.8182,63.4836,63.149,65.2888,67.4286,69.5684,71.7082,73.848,74.977,76.106,77.235,78.364,79.493,77.941,76.389,74.837,73.285,71.733,,
Iceland,ISL,27.6654,26.5832,25.501,25.1046,24.7082,24.3118,23.9154,23.519,22.2652,21.0114,19.7576,18.5038,17.25,16.66,16.07,15.48,14.89,14.3,13.312,12.324,11.336,10.348,9.36,8.7418,8.1236,7.5054,6.8872,6.269,,
Israel,ISR,20.3732,19.8576,19.342,19.0042,18.6664,18.3286,17.9908,17.653,17.3328,17.0126,16.6924,16.3722,16.052,15.6492,15.2464,14.8436,14.4408,14.038,13.539,13.04,12.541,12.042,11.543,11.1558,10.7686,10.3814,9.9942,9.607,,
Italy,ITA,8.631,8.187,7.743,7.48,7.217,6.954,6.691,6.428,6.5578,6.6876,6.8174,6.9472,7.077,7.0614,7.0458,7.0302,7.0146,6.999,6.778,6.557,6.336,6.115,5.894,5.7632,5.6324,5.5016,5.3708,5.24,,
Jamaica,JAM,101.1202,99.3876,97.655,96.876,96.097,95.318,94.539,93.76,91.8042,89.8484,87.8926,85.9368,83.981,81.9904,79.9998,78.0092,76.0186,74.028,71.3732,68.7184,66.0636,63.4088,60.754,59.1546,57.5552,55.9558,54.3564,52.757,,
Jordan,JOR,52.697,51.221,49.745,48.0046,46.2642,44.5238,42.7834,41.043,39.7304,38.4178,37.1052,35.7926,34.48,33.7066,32.9332,32.1598,31.3864,30.613,30.1072,29.6014,29.0956,28.5898,28.084,27.6426,27.2012,26.7598,26.3184,25.877,,
Japan,JPN,3.8334,3.7912,3.749,3.8698,3.9906,4.1114,4.2322,4.353,4.6142,4.8754,5.1366,5.3978,5.659,5.55,5.441,5.332,5.223,5.114,4.987,4.86,4.733,4.606,4.479,4.3392,4.1994,4.0596,3.9198,3.78,,
Kazakhstan,KAZ,50.7314,52.2322,53.733,51.404,49.075,46.746,44.417,42.088,39.4958,36.9036,34.3114,31.7192,29.127,28.9122,28.6974,28.4826,28.2678,28.053,28.7044,29.3558,30.0072,30.6586,31.31,30.998,30.686,30.374,30.062,29.75,,
Kenya,KEN,128.2596,121.7598,115.26,114.5068,113.7536,113.0004,112.2472,111.494,110.0352,108.5764,107.1176,105.6588,104.2,102.7784,101.3568,99.9352,98.5136,97.092,94.9042,92.7164,90.5286,88.3408,86.153,83.938,81.723,79.508,77.293,75.078,,
Kyrgyz Republic,KGZ,61.4632,65.1476,68.832,67.5716,66.3112,65.0508,63.7904,62.53,56.894,51.258,45.622,39.986,34.35,33.4292,32.5084,31.5876,30.6668,29.746,32.6004,35.4548,38.3092,41.1636,44.018,41.767,39.516,37.265,35.014,32.763,,
Cambodia,KHM,75.3114,71.0462,66.781,63.727,60.673,57.619,54.565,51.511,50.8464,50.1818,49.5172,48.8526,48.188,47.946,47.704,47.462,47.22,46.978,47.3456,47.7132,48.0808,48.4484,48.816,49.0882,49.3604,49.6326,49.9048,50.177,,
Kiribati,KIR,47.3016,46.6208,45.94,45.064,44.188,43.312,42.436,41.56,39.9484,38.3368,36.7252,35.1136,33.502,32.2492,30.9964,29.7436,28.4908,27.238,26.0172,24.7964,23.5756,22.3548,21.134,20.1426,19.1512,18.1598,17.1684,16.177,,
St. Kitts and Nevis,KNA,,,,,,,,,,,,,,,,,,,,,,,,,,,,,,
"Korea, Rep.",KOR,5.0238,4.5674,4.111,3.874,3.637,3.4,3.163,2.926,2.7788,2.6316,2.4844,2.3372,2.19,2.1518,2.1136,2.0754,2.0372,1.999,1.9524,1.9058,1.8592,1.8126,1.766,1.6886,1.6112,1.5338,1.4564,1.379,,
Kuwait,KWT,28.5146,25.5998,22.685,23.4088,24.1326,24.8564,25.5802,26.304,24.9764,23.6488,22.3212,20.9936,19.666,18.4026,17.1392,15.8758,14.6124,13.349,12.5684,11.7878,11.0072,10.2266,9.446,9.1956,8.9452,8.6948,8.4444,8.194,,
Latin America & Caribbean (excluding high income),LAC,88.20900281,88.0339429,87.87908771,87.57553014,87.27289664,86.96694824,86.64904301,86.33237336,85.37255077,84.40588772,83.42946809,82.44118021,81.44268529,80.00874202,78.5947346,77.20077232,75.81161602,74.43096202,73.31070216,72.1816562,71.04160391,69.88447321,68.71715544,67.72908173,66.73955783,65.74986275,64.73229828,63.72442549,,
Lao PDR,LAO,107.0102,105.9486,104.887,101.9068,98.9266,95.9464,92.9662,89.986,87.442,84.898,82.354,79.81,77.266,76.2206,75.1752,74.1298,73.0844,72.039,71.1644,70.2898,69.4152,68.5406,67.666,67.2148,66.7636,66.3124,65.8612,65.41,,
Lebanon,LBN,48.8446,46.6908,44.537,41.7904,39.0438,36.2972,33.5506,30.804,28.8768,26.9496,25.0224,23.0952,21.168,19.944,18.72,17.496,16.272,15.048,15.3332,15.6184,15.9036,16.1888,16.474,16.0792,15.6844,15.2896,14.8948,14.5,,
Liberia,LBR,169.6886,165.5528,161.417,159.5558,157.6946,155.8334,153.9722,152.111,151.0236,149.9362,148.8488,147.7614,146.674,145.5752,144.4764,143.3776,142.2788,141.18,140.7524,140.3248,139.8972,139.4696,139.042,138.426,137.81,137.194,136.578,135.962,,
Libya,LBY,13.9022,12.8396,11.777,11.0844,10.3918,9.6992,9.0066,8.314,7.9184,7.5228,7.1272,6.7316,6.336,6.3188,6.3016,6.2844,6.2672,6.25,6.225,6.2,6.175,6.15,6.125,6.0538,5.9826,5.9114,5.8402,5.769,,
St. Lucia,LCA,105.0938,99.8604,94.627,89.6626,84.6982,79.7338,74.7694,69.805,66.759,63.713,60.667,57.621,54.575,53.292,52.009,50.726,49.443,48.16,47.3608,46.5616,45.7624,44.9632,44.164,43.4384,42.7128,41.9872,41.2616,40.536,,
Latin America & Caribbean,LCN,87.33290284,87.20967077,87.10434882,86.79024627,86.47729396,86.16101721,85.83432929,85.50769277,84.53495044,83.55360731,82.56075976,81.55437208,80.5361481,79.13030356,77.74344231,76.37687451,75.01936651,73.67086424,72.58846191,71.49962641,70.40281546,69.29663132,68.18289126,67.16443031,66.14577082,65.12532768,64.08009251,63.04329228,,
Least developed countries: UN classification,LDC,135.1502362,133.7405622,132.3999488,131.2352946,129.9934011,128.641744,127.2040747,125.6452841,123.8686448,122.1370022,120.5258156,119.0971806,117.8068336,116.4306722,115.0692795,113.6677267,112.24122,110.7723404,109.0734169,107.3405251,105.5946484,103.7973009,102.0080341,100.3810995,98.7583458,97.14636445,95.5620088,93.99906341,,
Low income,LIC,129.8395243,130.0007043,130.3550394,130.6765835,130.7918489,130.5935845,130.1078963,129.3475218,127.5840506,125.8546705,124.2596278,122.7844575,121.4375949,120.042282,118.6560717,117.2327386,115.7307461,114.2242771,112.372706,110.5644559,108.804762,107.055632,105.339843,103.7490833,102.1701792,100.6065434,99.04845242,97.5156845,,
Liechtenstein,LIE,,,,,,,,,,,,,,,,,,,,,,,,,,,,,,
Sri Lanka,LKA,30.9842,30.1386,29.293,29.2664,29.2398,29.2132,29.1866,29.16,28.9088,28.6576,28.4064,28.1552,27.904,26.781,25.658,24.535,23.412,22.289,22.2006,22.1122,22.0238,21.9354,21.847,21.6628,21.4786,21.2944,21.1102,20.926,,
Lower middle income,LMC,94.96449546,92.8964587,90.82970742,88.20124565,85.56068366,82.8971991,80.20985018,77.4986021,75.46606668,73.43277153,71.40830115,69.3850505,67.37240917,65.58888344,63.81293841,62.04649709,60.28044799,58.5282202,56.91921495,55.33209488,53.76051288,52.18634516,50.62275053,48.92889506,47.24233567,45.56061268,43.85118607,42.15844557,,
Low & middle income,LMY,72.26468092,71.48674487,70.79644308,70.11873919,69.32332025,68.33039837,67.02630728,65.59314759,64.33422048,62.87019986,61.21523195,59.41664744,57.44408937,55.77988519,54.38668982,53.37663277,52.64206494,52.26061451,52.22347699,52.16089571,51.91303483,51.4935871,50.89658083,50.05487613,49.1592485,48.25954475,47.30683033,46.33479406,,
Lesotho,LSO,88.53,88.206,87.882,87.4072,86.9324,86.4576,85.9828,85.508,85.9944,86.4808,86.9672,87.4536,87.94,87.7282,87.5164,87.3046,87.0928,86.881,87.3072,87.7334,88.1596,88.5858,89.012,89.7548,90.4976,91.2404,91.9832,92.726,,
Late-demographic dividend,LTE,32.20958957,31.35729724,30.65232304,30.37140518,30.05687986,29.63560896,28.99982917,28.27963564,27.6322053,26.79801637,25.77566458,24.62572358,23.30007681,22.30209462,21.50880113,20.99611308,20.71299425,20.70323388,21.20116488,21.73386159,22.13610548,22.40476375,22.49724447,22.21995135,21.90991843,21.62776749,21.33685606,21.02959013,,
Lithuania,LTU,38.999,41.938,44.877,42.2564,39.6358,37.0152,34.3946,31.774,29.6338,27.4936,25.3534,23.2132,21.073,20.6424,20.2118,19.7812,19.3506,18.92,17.8216,16.7232,15.6248,14.5264,13.428,12.9132,12.3984,11.8836,11.3688,10.854,,
Luxembourg,LUX,12.0728,12.2974,12.522,12.0494,11.5768,11.1042,10.6316,10.159,10.4674,10.7758,11.0842,11.3926,11.701,11.286,10.871,10.456,10.041,9.626,8.9816,8.3372,7.6928,7.0484,6.404,6.0686,5.7332,5.3978,5.0624,4.727,,
Latvia,LVA,44.2938,43.8994,43.505,39.1908,34.8766,30.5624,26.2482,21.934,21.0008,20.0676,19.1344,18.2012,17.268,17.4462,17.6244,17.8026,17.9808,18.159,17.585,17.011,16.437,15.863,15.289,15.4654,15.6418,15.8182,15.9946,16.171,,
"Macao SAR, China",MAC,6.696,6.848,7,6.8816,6.7632,6.6448,6.5264,6.408,5.9818,5.5556,5.1294,4.7032,4.277,4.0908,3.9046,3.7184,3.5322,3.346,3.318,3.29,3.262,3.234,3.206,3.041,2.876,2.711,2.546,2.381,,
St. Martin (French part),MAF,,,,,,,,,,,,,,,,,,,,,,,,,,,,,,
Morocco,MAR,40.4208,38.7584,37.096,36.641,36.186,35.731,35.276,34.821,35.0552,35.2894,35.5236,35.7578,35.992,35.3362,34.6804,34.0246,33.3688,32.713,32.894,33.075,33.256,33.437,33.618,33.1012,32.5844,32.0676,31.5508,31.034,,
Monaco,MCO,,,,,,,,,,,,,,,,,,,,,,,,,,,,,,
Moldova,MDA,57.35,60.264,63.178,62.1568,61.1356,60.1144,59.0932,58.072,52.6486,47.2252,41.8018,36.3784,30.955,30.1968,29.4386,28.6804,27.9222,27.164,26.8846,26.6052,26.3258,26.0464,25.767,25.0966,24.4262,23.7558,23.0854,22.415,,
Madagascar,MDG,149.3236,149.2648,149.206,150.3886,151.5712,152.7538,153.9364,155.119,153.9898,152.8606,151.7314,150.6022,149.473,146.4332,143.3934,140.3536,137.3138,134.274,131.4256,128.5772,125.7288,122.8804,120.032,117.9436,115.8552,113.7668,111.6784,109.59,,
Maldives,MDV,130.0734,116.3252,102.577,90.959,79.341,67.723,56.105,44.487,40.0056,35.5242,31.0428,26.5614,22.08,20.731,19.382,18.033,16.684,15.335,14.4272,13.5194,12.6116,11.7038,10.796,10.1988,9.6016,9.0044,8.4072,7.81,,
Middle East & North Africa,MEA,69.76747566,65.89941506,62.32294833,59.27893136,56.25239756,53.11856672,50.09500114,47.02847438,45.48012584,43.93950223,42.40821487,40.8265625,39.25404873,39.00501206,38.76802956,38.5350215,38.26990041,38.0170161,38.47159213,38.94341645,39.45218063,40.02511194,40.63096265,40.63950426,40.60177245,40.49882283,40.24269905,39.97067811,,
Mexico,MEX,86.2706,85.5128,84.755,84.4,84.045,83.69,83.335,82.98,81.612,80.244,78.876,77.508,76.14,74.971,73.802,72.633,71.464,70.295,69.43,68.565,67.7,66.835,65.97,64.849,63.728,62.607,61.486,60.365,,
Marshall Islands,MHL,,,,,,,,,,,,,,,,,,,,,,,,,,,,,,
Middle income,MIC,67.21319899,66.22786351,65.30530188,64.38860131,63.35930866,62.14725445,60.644239,59.02050744,57.69914618,56.16890463,54.43677136,52.55774117,50.49791934,48.78213702,47.31572645,46.20114706,45.34479681,44.80032035,44.63300506,44.43742442,44.06646459,43.54241479,42.8490006,41.88744451,40.8753846,39.85907879,38.79651393,37.71535545,,
North Macedonia,MKD,45.389,44.281,43.173,41.4934,39.8138,38.1342,36.4546,34.775,32.5642,30.3534,28.1426,25.9318,23.721,23.1162,22.5114,21.9066,21.3018,20.697,20.1614,19.6258,19.0902,18.5546,18.019,17.5598,17.1006,16.6414,16.1822,15.723,,
Mali,MLI,195.5498,195.9444,196.339,195.2604,194.1818,193.1032,192.0246,190.946,190.0094,189.0728,188.1362,187.1996,186.263,186.1042,185.9454,185.7866,185.6278,185.469,184.1562,182.8434,181.5306,180.2178,178.905,176.9494,174.9938,173.0382,171.0826,169.127,,
Malta,MLT,12.14,12.067,11.994,13.2716,14.5492,15.8268,17.1044,18.382,18.7978,19.2136,19.6294,20.0452,20.461,19.975,19.489,19.003,18.517,18.031,17.0822,16.1334,15.1846,14.2358,13.287,13.2054,13.1238,13.0422,12.9606,12.879,,
Myanmar,MMR,45.413,43.884,42.355,41.6966,41.0382,40.3798,39.7214,39.063,38.668,38.273,37.878,37.483,37.088,36.2962,35.5044,34.7126,33.9208,33.129,32.4684,31.8078,31.1472,30.4866,29.826,29.5626,29.2992,29.0358,28.7724,28.509,,
Middle East & North Africa (excluding high income),MNA,71.1604143,67.30595567,63.46817193,60.47102771,57.4975725,54.52809151,51.56810982,48.55645086,47.07753438,45.59352962,44.11337958,42.62982113,41.15746848,41.0428254,40.951605,40.87664641,40.81094493,40.76139856,41.41362302,42.0777135,42.76533886,43.50580026,44.26239788,44.33732096,44.34149383,44.25901576,44.09890258,43.89061607,,
Montenegro,MNE,28.5948,27.4364,26.278,25.3918,24.5056,23.6194,22.7332,21.847,20.774,19.701,18.628,17.555,16.482,16.929,17.376,17.823,18.27,18.717,17.6396,16.5622,15.4848,14.4074,13.33,12.5266,11.7232,10.9198,10.1164,9.313,,
Mongolia,MNG,36.6048,37.5114,38.418,37.0208,35.6236,34.2264,32.8292,31.432,29.4552,27.4784,25.5016,23.5248,21.548,21.0794,20.6108,20.1422,19.6736,19.205,20.6802,22.1554,23.6306,25.1058,26.581,27.4634,28.3458,29.2282,30.1106,30.993,,
Northern Mariana Islands,MNP,,,,,,,,,,,,,,,,,,,,,,,,,,,,,,
Mozambique,MOZ,183.0686,185.2118,187.355,187.0854,186.8158,186.5462,186.2766,186.007,185.0464,184.0858,183.1252,182.1646,181.204,179.1288,177.0536,174.9784,172.9032,170.828,168.4914,166.1548,163.8182,161.4816,159.145,157.0412,154.9374,152.8336,150.7298,148.626,,
Mauritania,MRT,105.8032,104.8796,103.956,103.242,102.528,101.814,101.1,100.386,99.0694,97.7528,96.4362,95.1196,93.803,92.2036,90.6042,89.0048,87.4054,85.806,84.4482,83.0904,81.7326,80.3748,79.017,77.4234,75.8298,74.2362,72.6426,71.049,,
Mauritius,MUS,43.4378,43.0044,42.571,41.3146,40.0582,38.8018,37.5454,36.289,36.3276,36.3662,36.4048,36.4434,36.482,36.1596,35.8372,35.5148,35.1924,34.87,33.5722,32.2744,30.9766,29.6788,28.381,27.8518,27.3226,26.7934,26.2642,25.735,,
Malawi,MWI,172.8902,166.1166,159.343,159.6552,159.9674,160.2796,160.5918,160.904,159.866,158.828,157.79,156.752,155.714,155.4768,155.2396,155.0024,154.7652,154.528,152.471,150.414,148.357,146.3,144.243,141.9286,139.6142,137.2998,134.9854,132.671,,
Malaysia,MYS,19.3868,19.2394,19.092,18.2262,17.3604,16.4946,15.6288,14.763,14.4122,14.0614,13.7106,13.3598,13.009,12.9564,12.9038,12.8512,12.7986,12.746,12.8266,12.9072,12.9878,13.0684,13.149,13.202,13.255,13.308,13.361,13.414,,
North America,NAC,53.80402413,54.96522415,56.13171063,54.57628167,53.02249001,51.4735774,49.91783616,48.36450936,46.70246024,45.04430482,43.38649711,41.71677658,40.05094176,39.49268746,38.93475829,38.37233185,37.7803353,37.19370709,35.03965675,32.89254024,30.75246997,28.59377518,26.43571245,24.91439329,23.39954189,21.89034015,20.37352578,18.85597391,,
Namibia,NAM,95.412,93.549,91.686,91.1936,90.7012,90.2088,89.7164,89.224,87.7702,86.3164,84.8626,83.4088,81.955,81.7756,81.5962,81.4168,81.2374,81.058,80.6428,80.2276,79.8124,79.3972,78.982,75.911,72.84,69.769,66.698,63.627,,
New Caledonia,NCL,43.543,42.192,40.841,38.973,37.105,35.237,33.369,31.501,30.1526,28.8042,27.4558,26.1074,24.759,23.986,23.213,22.44,21.667,20.894,20.2538,19.6136,18.9734,18.3332,17.693,17.1204,16.5478,15.9752,15.4026,14.83,,
Niger,NER,223.6904,223.2282,222.766,222.1278,221.4896,220.8514,220.2132,219.575,218.7698,217.9646,217.1594,216.3542,215.549,214.3628,213.1766,211.9904,210.8042,209.618,207.843,206.068,204.293,202.518,200.743,197.902,195.061,192.22,189.379,186.538,,
Nigeria,NGA,148.0054,145.7192,143.433,142.0736,140.7142,139.3548,137.9954,136.636,135.3652,134.0944,132.8236,131.5528,130.282,128.8608,127.4396,126.0184,124.5972,123.176,121.9508,120.7256,119.5004,118.2752,117.05,115.106,113.162,111.218,109.274,107.33,,
Nicaragua,NIC,151.7706,149.5668,147.363,143.4002,139.4374,135.4746,131.5118,127.549,124.5836,121.6182,118.6528,115.6874,112.722,110.6432,108.5644,106.4856,104.4068,102.328,100.6512,98.9744,97.2976,95.6208,93.944,92.1532,90.3624,88.5716,86.7808,84.99,,
Netherlands,NLD,7.0262,7.0686,7.111,6.9232,6.7354,6.5476,6.3598,6.172,6.3648,6.5576,6.7504,6.9432,7.136,6.7676,6.3992,6.0308,5.6624,5.294,5.1248,4.9556,4.7864,4.6172,4.448,4.316,4.184,4.052,3.92,3.788,,
Norway,NOR,16.5796,16.1638,15.748,15.162,14.576,13.99,13.404,12.818,12.2498,11.6816,11.1134,10.5452,9.977,9.7642,9.5514,9.3386,9.1258,8.913,8.3382,7.7634,7.1886,6.6138,6.039,5.8594,5.6798,5.5002,5.3206,5.141,,
Nepal,NPL,131.6496,131.7538,131.858,130.5036,129.1492,127.7948,126.4404,125.086,121.0428,116.9996,112.9564,108.9132,104.87,101.6756,98.4812,95.2868,92.0924,88.898,86.3322,83.7664,81.2006,78.6348,76.069,73.8794,71.6898,69.5002,67.3106,65.121,,
Nauru,NRU,,,,,,,,,,,,,,,,,,,,,,,,,,,,,,
New Zealand,NZL,32.7844,33.0912,33.398,32.6908,31.9836,31.2764,30.5692,29.862,29.2338,28.6056,27.9774,27.3492,26.721,27.397,28.073,28.749,29.425,30.101,28.6666,27.2322,25.7978,24.3634,22.929,22.1972,21.4654,20.7336,20.0018,19.27,,
OECD members,OED,36.18222278,36.24067685,36.39476402,36.02591719,35.64827893,35.21176733,34.69072432,34.08510195,33.42174178,32.75556128,32.11413578,31.44503029,30.78413212,30.52497926,30.25354579,29.95296563,29.59298909,29.22218495,28.2765015,27.32986177,26.37729434,25.39902529,24.37411993,23.54927116,22.72939505,21.92948766,21.12760459,20.34621465,,
Oman,OMN,81.3142,77.1106,72.907,67.0162,61.1254,55.2346,49.3438,43.453,38.9762,34.4994,30.0226,25.5458,21.069,19.5742,18.0794,16.5846,15.0898,13.595,13.8746,14.1542,14.4338,14.7134,14.993,14.6056,14.2182,13.8308,13.4434,13.056,,
Other small states,OSS,92.79716894,91.49916686,90.30746805,88.79601979,87.28903896,85.76326277,83.92779112,82.0637176,80.80959752,79.54216645,78.26449552,76.86987191,75.43546707,74.42520743,73.41187579,72.40476463,71.27607493,70.23368599,69.23090339,68.31716542,67.47473283,66.47348395,65.53408196,64.82039737,64.10053514,63.33414649,62.47311307,61.55142208,,
Pakistan,PAK,86.0878,83.0524,80.017,76.8746,73.7322,70.5898,67.4474,64.305,61.6674,59.0298,56.3922,53.7546,51.117,49.6102,48.1034,46.5966,45.0898,43.583,43.1674,42.7518,42.3362,41.9206,41.505,40.9644,40.4238,39.8832,39.3426,38.802,,
Panama,PAN,99.8312,98.9136,97.996,97.1934,96.3908,95.5882,94.7856,93.983,93.1198,92.2566,91.3934,90.5302,89.667,89.3196,88.9722,88.6248,88.2774,87.93,87.7162,87.5024,87.2886,87.0748,86.861,85.8544,84.8478,83.8412,82.8346,81.828,,
Peru,PER,82.559,81.407,80.255,78.9782,77.7014,76.4246,75.1478,73.871,73.3986,72.9262,72.4538,71.9814,71.509,71.5174,71.5258,71.5342,71.5426,71.551,69.7044,67.8578,66.0112,64.1646,62.318,61.2308,60.1436,59.0564,57.9692,56.882,,
Philippines,PHL,50.6196,50.8028,50.986,50.6012,50.2164,49.8316,49.4468,49.062,50.024,50.986,51.948,52.91,53.872,54.014,54.156,54.298,54.44,54.582,55.1214,55.6608,56.2002,56.7396,57.279,56.654,56.029,55.404,54.779,54.154,,
Palau,PLW,,,,,,,,,,,,,,,,,,,,,,,,,,,,,,
Papua New Guinea,PNG,78.9344,77.3832,75.832,74.9866,74.1412,73.2958,72.4504,71.605,70.2846,68.9642,67.6438,66.3234,65.003,64.2228,63.4426,62.6624,61.8822,61.102,60.1964,59.2908,58.3852,57.4796,56.574,55.7902,55.0064,54.2226,53.4388,52.655,,
Poland,POL,30.599,29.981,29.363,27.2972,25.2314,23.1656,21.0998,19.034,18.3252,17.6164,16.9076,16.1988,15.49,15.5802,15.6704,15.7606,15.8508,15.941,15.6194,15.2978,14.9762,14.6546,14.333,13.574,12.815,12.056,11.297,10.538,,
Pre-demographic dividend,PRE,147.0241973,145.6047652,144.1599357,143.4237936,142.6798384,141.9367211,141.1932643,140.4626119,139.5586074,138.6510881,137.7361821,136.8147035,135.8824979,134.6359482,133.4082697,132.2084614,131.0291267,129.8721202,127.8949978,125.893183,123.8552427,121.7675145,119.659651,117.4683742,115.2904907,113.1416185,111.0213908,108.9288085,,
Puerto Rico,PRI,70.455,71.819,73.183,73.0264,72.8698,72.7132,72.5566,72.4,71.0032,69.6064,68.2096,66.8128,65.416,62.4532,59.4904,56.5276,53.5648,50.602,49.6004,48.5988,47.5972,46.5956,45.594,42.2948,38.9956,35.6964,32.3972,29.098,,
"Korea, Dem. Peopleâ€™s Rep.",PRK,2.3206,2.0378,1.755,1.6532,1.5514,1.4496,1.3478,1.246,1.1888,1.1316,1.0744,1.0172,0.96,0.8928,0.8256,0.7584,0.6912,0.624,0.561,0.498,0.435,0.372,0.309,0.3038,0.2986,0.2934,0.2882,0.283,,
Portugal,PRT,24.2974,23.0712,21.845,21.5594,21.2738,20.9882,20.7026,20.417,20.3734,20.3298,20.2862,20.2426,20.199,19.4064,18.6138,17.8212,17.0286,16.236,15.2716,14.3072,13.3428,12.3784,11.414,10.8072,10.2004,9.5936,8.9868,8.38,,
Paraguay,PRY,92.5868,92.4954,92.404,91.967,91.53,91.093,90.656,90.219,89.1294,88.0398,86.9502,85.8606,84.771,83.4868,82.2026,80.9184,79.6342,78.35,77.2654,76.1808,75.0962,74.0116,72.927,72.4424,71.9578,71.4732,70.9886,70.504,,
West Bank and Gaza,PSE,106.055,108.071,110.087,107.4704,104.8538,102.2372,99.6206,97.004,91.7128,86.4216,81.1304,75.8392,70.548,69.6038,68.6596,67.7154,66.7712,65.827,64.82,63.813,62.806,61.799,60.792,59.1868,57.5816,55.9764,54.3712,52.766,,
Pacific island small states,PSS,62.73999628,62.19351731,61.55062171,59.67285481,57.62738556,55.47178865,53.351688,51.17590431,50.3133088,49.47733557,48.69053081,48.00910616,47.39167584,47.25529289,47.05332596,46.77499024,46.48441038,46.13531447,46.70222459,47.25182639,47.82039688,48.57672851,49.37738859,49.58419475,49.78082739,49.98373239,50.17629672,50.41950061,,
Post-demographic dividend,PST,28.4281169,28.51309149,28.71020684,28.12642782,27.52940728,26.89507587,26.21599621,25.50428967,24.92600945,24.33929634,23.75015661,23.13774076,22.51938281,22.45770392,22.37123338,22.24255497,22.03275063,21.79014453,20.76384026,19.71676358,18.65961192,17.60457481,16.52366446,15.7272978,14.93544371,14.15781164,13.39717628,12.64914528,,
French Polynesia,PYF,63.0312,59.9646,56.898,55.3558,53.8136,52.2714,50.7292,49.187,48.5936,48.0002,47.4068,46.8134,46.22,45.2724,44.3248,43.3772,42.4296,41.482,41.4174,41.3528,41.2882,41.2236,41.159,40.6648,40.1706,39.6764,39.1822,38.688,,
Qatar,QAT,49.4698,46.7374,44.005,39.756,35.507,31.258,27.009,22.76,22.0018,21.2436,20.4854,19.7272,18.969,18.224,17.479,16.734,15.989,15.244,14.4488,13.6536,12.8584,12.0632,11.268,10.9988,10.7296,10.4604,10.1912,9.922,,
Romania,ROU,51.7282,49.4816,47.235,45.8518,44.4686,43.0854,41.7022,40.319,39.349,38.379,37.409,36.439,35.469,36.7016,37.9342,39.1668,40.3994,41.632,40.6178,39.6036,38.5894,37.5752,36.561,36.491,36.421,36.351,36.281,36.211,,
Russian,RUS,50.766,51.294,51.822,48.4678,45.1136,41.7594,38.4052,35.051,33.5634,32.0758,30.5882,29.1006,27.613,28.019,28.425,28.831,29.237,29.643,28.9984,28.3538,27.7092,27.0646,26.42,25.2758,24.1316,22.9874,21.8432,20.699,,
Rwanda,RWA,63.3148,61.0194,58.724,57.5046,56.2852,55.0658,53.8464,52.627,51.4176,50.2082,48.9988,47.7894,46.58,45.348,44.116,42.884,41.652,40.42,40.445,40.47,40.495,40.52,40.545,40.2588,39.9726,39.6864,39.4002,39.114,,
South Asia,SAS,103.3554121,100.763676,98.19176439,94.91393156,91.62591743,88.31745332,84.97943365,81.615466,78.36884829,75.12737664,71.90156801,68.70279403,65.51451972,62.7143862,59.91610814,57.11657605,54.28492658,51.455525,48.71680774,46.00152029,43.31045306,40.65958392,38.00789492,35.57150164,33.11449949,30.63498048,28.1174953,25.58497242,,
Saudi Arabia,SAU,69.778,64.82,59.862,55.1724,50.4828,45.7932,41.1036,36.414,33.3826,30.3512,27.3198,24.2884,21.257,19.4694,17.6818,15.8942,14.1066,12.319,11.9372,11.5554,11.1736,10.7918,10.41,9.7928,9.1756,8.5584,7.9412,7.324,,
Sudan,SDN,105.4364,106.7422,108.048,108.6112,109.1744,109.7376,110.3008,110.864,112.6938,114.5236,116.3534,118.1832,120.013,118.0844,116.1558,114.2272,112.2986,110.37,104.2976,98.2252,92.1528,86.0804,80.008,76.805,73.602,70.399,67.196,63.993,,
Senegal,SEN,131.0482,127.0896,123.131,120.4522,117.7734,115.0946,112.4158,109.737,107.8488,105.9606,104.0724,102.1842,100.296,98.9416,97.5872,96.2328,94.8784,93.524,91.5394,89.5548,87.5702,85.5856,83.601,81.4258,79.2506,77.0754,74.9002,72.725,,
Singapore,SGP,7.9138,7.9014,7.889,7.7994,7.7098,7.6202,7.5306,7.441,7.461,7.481,7.501,7.521,7.541,7.225,6.909,6.593,6.277,5.961,5.5506,5.1402,4.7298,4.3194,3.909,3.8332,3.7574,3.6816,3.6058,3.53,,
Solomon Islands,SLB,90.4142,87.5876,84.761,82.0334,79.3058,76.5782,73.8506,71.123,70.921,70.719,70.517,70.315,70.113,68.6146,67.1162,65.6178,64.1194,62.621,65.6974,68.7738,71.8502,74.9266,78.003,78.003,78.003,78.003,78.003,78.003,,
Sierra Leone,SLE,183.5772,180.6966,177.816,175.4766,173.1372,170.7978,168.4584,166.119,164.3844,162.6498,160.9152,159.1806,157.446,155.1738,152.9016,150.6294,148.3572,146.085,142.1864,138.2878,134.3892,130.4906,126.592,123.8392,121.0864,118.3336,115.5808,112.828,,
El Salvador,SLV,103.9888,102.5944,101.2,99.9924,98.7848,97.5772,96.3696,95.162,93.862,92.562,91.262,89.962,88.662,87.4288,86.1956,84.9624,83.7292,82.496,80.6998,78.9036,77.1074,75.3112,73.515,72.7038,71.8926,71.0814,70.2702,69.459,,
San Marino,SMR,,,,,,,,,,,,,,,,,,,,,,,,,,,,,,
Somalia,SOM,91.7448,96.7374,101.73,106.705,111.68,116.655,121.63,126.605,126.7596,126.9142,127.0688,127.2234,127.378,127.326,127.274,127.222,127.17,127.118,123.7696,120.4212,117.0728,113.7244,110.376,108.3178,106.2596,104.2014,102.1432,100.085,,
Serbia,SRB,40.109,38.071,36.033,34.7008,33.3686,32.0364,30.7042,29.372,28.616,27.86,27.104,26.348,25.592,24.934,24.276,23.618,22.96,22.302,21.5944,20.8868,20.1792,19.4716,18.764,17.9524,17.1408,16.3292,15.5176,14.706,,
Sub-Saharan Africa (excluding high income),SSA,139.4646177,137.9566157,136.4499757,135.5970456,134.7206387,133.8167229,132.8592951,131.8765304,130.6844742,129.5017776,128.3513709,127.2379807,126.1702645,124.870519,123.6043489,122.3612692,121.104557,119.8619061,118.3298687,116.7708046,115.1808462,113.5561182,111.9115485,110.0527442,108.2091024,106.3886147,104.5783017,102.7908548,,
South Sudan,SSD,138.133,137.096,136.059,134.8096,133.5602,132.3108,131.0614,129.812,127.8256,125.8392,123.8528,121.8664,119.88,115.5712,111.2624,106.9536,102.6448,98.336,94.2836,90.2312,86.1788,82.1264,78.074,74.8672,71.6604,68.4536,65.2468,62.04,,
Sub-Saharan Africa,SSF,139.4548795,137.947213,136.4410518,135.5881601,134.7118081,133.8080967,132.8507494,131.8680583,130.6762209,129.4937257,128.3436038,127.2306364,126.1632096,124.8641613,123.5986116,122.3560468,121.0995927,119.8572052,118.3253248,116.7665031,115.176701,113.5524139,111.9081406,110.0496072,108.2062239,106.385944,104.5758405,102.7885852,,
Small states,SST,89.66061103,88.43006029,87.25381749,85.7848974,84.29287399,82.76549792,81.03715007,79.25875288,77.95289168,76.6395701,75.33679789,74.0044221,72.67418052,71.72446607,70.7749808,69.827574,68.80370112,67.82975066,66.86024127,65.93337291,65.03788788,64.02630334,63.05381885,62.30508466,61.54941055,60.76192254,59.9061826,59.01540835,,
Sao Tome and Principe,STP,126.7834,125.5612,124.339,122.6536,120.9682,119.2828,117.5974,115.912,114.9172,113.9224,112.9276,111.9328,110.938,109.9428,108.9476,107.9524,106.9572,105.962,104.8588,103.7556,102.6524,101.5492,100.446,99.2788,98.1116,96.9444,95.7772,94.61,,
Suriname,SUR,95.1222,94.7596,94.397,93.416,92.435,91.454,90.473,89.492,87.8248,86.1576,84.4904,82.8232,81.156,79.4176,77.6792,75.9408,74.2024,72.464,71.0692,69.6744,68.2796,66.8848,65.49,64.723,63.956,63.189,62.422,61.655,,
Slovak Republic,SVK,47.6234,46.4922,45.361,41.7286,38.0962,34.4638,30.8314,27.199,25.8952,24.5914,23.2876,21.9838,20.68,20.7664,20.8528,20.9392,21.0256,21.112,21.3824,21.6528,21.9232,22.1936,22.464,23.108,23.752,24.396,25.04,25.684,,
Slovenia,SVN,25.5836,22.5528,19.522,17.4516,15.3812,13.3108,11.2404,9.17,8.5076,7.8452,7.1828,6.5204,5.858,5.7196,5.5812,5.4428,5.3044,5.166,5.0788,4.9916,4.9044,4.8172,4.73,4.5392,4.3484,4.1576,3.9668,3.776,,
Sweden,SWE,11.5296,11.4498,11.37,10.539,9.708,8.877,8.046,7.215,7.0502,6.8854,6.7206,6.5558,6.391,6.3152,6.2394,6.1636,6.0878,6.012,5.8922,5.7724,5.6526,5.5328,5.413,5.3456,5.2782,5.2108,5.1434,5.076,,
Eswatini,SWZ,128.0542,125.8706,123.687,121.8638,120.0406,118.2174,116.3942,114.571,112.591,110.611,108.631,106.651,104.671,102.145,99.619,97.093,94.567,92.041,89.5948,87.1486,84.7024,82.2562,79.81,79.187,78.564,77.941,77.318,76.695,,
Sint Maarten (Dutch part),SXM,,,,,,,,,,,,,,,,,,,,,,,,,,,,,,
Seychelles,SYC,67.8894,67.9932,68.097,66.0594,64.0218,61.9842,59.9466,57.909,57.9072,57.9054,57.9036,57.9018,57.9,58.3022,58.7044,59.1066,59.5088,59.911,60.1906,60.4702,60.7498,61.0294,61.309,61.4572,61.6054,61.7536,61.9018,62.05,,
Syrian Arab Republic,SYR,73.608,70.764,67.92,67.2686,66.6172,65.9658,65.3144,64.663,63.1372,61.6114,60.0856,58.5598,57.034,55.9606,54.8872,53.8138,52.7404,51.667,49.9912,48.3154,46.6396,44.9638,43.288,42.3488,41.4096,40.4704,39.5312,38.592,,
Turks and Caicos Islands,TCA,,,,,,,,,,,,,,,,,,,,,,,,,,,,,,
Chad,TCD,218.0928,218.0934,218.094,217.7618,217.4296,217.0974,216.7652,216.433,215.092,213.751,212.41,211.069,209.728,206.9984,204.2688,201.5392,198.8096,196.08,192.508,188.936,185.364,181.792,178.22,174.794,171.368,167.942,164.516,161.09,,
East Asia & Pacific (IDA & IBRD countries),TEA,30.01375603,28.59723203,27.2524748,26.61499402,25.94167357,25.1885377,24.24637305,23.25846435,23.06029671,22.7222721,22.21444335,21.54970527,20.71488291,19.99347235,19.47297401,19.23106191,19.14252639,19.34272066,20.09793247,20.92767805,21.65358604,22.29500917,22.75137451,22.71812061,22.64367573,22.5997361,22.53080615,22.4528779,,
Europe & Central Asia (IDA & IBRD countries),TEC,51.80225255,51.65946257,51.51776328,49.18359493,46.84301615,44.50481725,42.15815483,39.79500451,37.83149914,35.86833857,33.9229583,31.95726462,29.98826478,29.97490973,29.97080238,29.96186208,29.93375137,29.8700221,29.53803495,29.24109293,28.97074593,28.71284289,28.46549532,27.83762296,27.20908487,26.56910587,25.90521133,25.21611813,,
Togo,TGO,114.3596,110.9228,107.486,105.3846,103.2832,101.1818,99.0804,96.979,96.2936,95.6082,94.9228,94.2374,93.552,93.3896,93.2272,93.0648,92.9024,92.74,92.5394,92.3388,92.1382,91.9376,91.737,91.2078,90.6786,90.1494,89.6202,89.091,,
Thailand,THA,51.431,50.828,50.225,49.3276,48.4302,47.5328,46.6354,45.738,44.972,44.206,43.44,42.674,41.908,42.0144,42.1208,42.2272,42.3336,42.44,44.2646,46.0892,47.9138,49.7384,51.563,50.232,48.901,47.57,46.239,44.908,,
Tajikistan,TJK,57.3834,57.3712,57.359,55.943,54.527,53.111,51.695,50.279,48.7448,47.2106,45.6764,44.1422,42.608,43.0068,43.4056,43.8044,44.2032,44.602,45.7672,46.9324,48.0976,49.2628,50.428,51.7576,53.0872,54.4168,55.7464,57.076,,
Turkmenistan,TKM,24.7594,25.5902,26.421,26.2236,26.0262,25.8288,25.6314,25.434,25.2312,25.0284,24.8256,24.6228,24.42,23.9656,23.5112,23.0568,22.6024,22.148,23.0094,23.8708,24.7322,25.5936,26.455,26.0476,25.6402,25.2328,24.8254,24.418,,
Latin America & the Caribbean (IDA & IBRD countries),TLA,87.82607288,87.75238427,87.67789886,87.34175688,87.00804806,86.67872988,86.34602118,86.02235395,85.06111957,84.09764295,83.12645636,82.14443064,81.15642729,79.75608136,78.36924449,76.99384479,75.62021259,74.2473099,73.1100804,71.97169032,70.83250221,69.68364803,68.53103699,67.51142833,66.49108467,65.46846802,64.41353275,63.3671868,,
Timor-Leste,TLS,57.7282,58.1466,58.565,58.7628,58.9606,59.1584,59.3562,59.554,60.2406,60.9272,61.6138,62.3004,62.987,61.0722,59.1574,57.2426,55.3278,53.413,50.5006,47.5882,44.6758,41.7634,38.851,37.8378,36.8246,35.8114,34.7982,33.785,,
Middle East & North Africa (IDA & IBRD countries),TMN,70.84031465,66.92833516,63.03218925,60.02780297,57.0481643,54.07332846,51.10919559,48.09213867,46.65505155,45.20943017,43.76419912,42.31304471,40.87237865,40.75908859,40.66740559,40.59036197,40.52059499,40.46589989,41.12184516,41.79269819,42.49117729,43.24673715,44.02165221,44.1162999,44.14119244,44.07970349,43.94097382,43.75457615,,
Tonga,TON,24.9144,24.7192,24.524,24.1198,23.7156,23.3114,22.9072,22.503,22.2556,22.0082,21.7608,21.5134,21.266,20.8098,20.3536,19.8974,19.4412,18.985,18.5084,18.0318,17.5552,17.0786,16.602,16.214,15.826,15.438,15.05,14.662,,
South Asia (IDA & IBRD),TSA,103.3554121,100.763676,98.19176439,94.91393156,91.62591743,88.31745332,84.97943365,81.615466,78.36884829,75.12737664,71.90156801,68.70279403,65.51451972,62.7143862,59.91610814,57.11657605,54.28492658,51.455525,48.71680774,46.00152029,43.31045306,40.65958392,38.00789492,35.57150164,33.11449949,30.63498048,28.1174953,25.58497242,,
Sub-Saharan Africa (IDA & IBRD countries),TSS,139.4548795,137.947213,136.4410518,135.5881601,134.7118081,133.8080967,132.8507494,131.8680583,130.6762209,129.4937257,128.3436038,127.2306364,126.1632096,124.8641613,123.5986116,122.3560468,121.0995927,119.8572052,118.3253248,116.7665031,115.176701,113.5524139,111.9081406,110.0496072,108.2062239,106.385944,104.5758405,102.7885852,,
Trinidad and Tobago,TTO,62.484,59.277,56.07,53.7158,51.3616,49.0074,46.6532,44.299,43.1252,41.9514,40.7776,39.6038,38.43,38.3616,38.2932,38.2248,38.1564,38.088,37.4314,36.7748,36.1182,35.4616,34.805,33.862,32.919,31.976,31.033,30.09,,
Tunisia,TUN,19.7178,18.3934,17.069,15.589,14.109,12.629,11.149,9.669,8.9534,8.2378,7.5222,6.8066,6.091,6.1592,6.2274,6.2956,6.3638,6.432,6.6636,6.8952,7.1268,7.3584,7.59,7.6402,7.6904,7.7406,7.7908,7.841,,
Turkey,TUR,64.9088,62.5874,60.266,59.1488,58.0316,56.9144,55.7972,54.68,52.7966,50.9132,49.0298,47.1464,45.263,43.9132,42.5634,41.2136,39.8638,38.514,37.0598,35.6056,34.1514,32.6972,31.243,30.3062,29.3694,28.4326,27.4958,26.559,,
Tuvalu,TUV,,,,,,,,,,,,,,,,,,,,,,,,,,,,,,
Tanzania,TZA,143.1706,141.9348,140.699,139.4372,138.1754,136.9136,135.6518,134.39,134.347,134.304,134.261,134.218,134.175,134.03,133.885,133.74,133.595,133.45,131.392,129.334,127.276,125.218,123.16,122.205,121.25,120.295,119.34,118.385,,
Uganda,UGA,175.594,176.374,177.154,177.451,177.748,178.045,178.342,178.639,176.3152,173.9914,171.6676,169.3438,167.02,163.7628,160.5056,157.2484,153.9912,150.734,146.9648,143.1956,139.4264,135.6572,131.888,129.2776,126.6672,124.0568,121.4464,118.836,,
Ukraine,UKR,59.8592,58.7796,57.7,54.8676,52.0352,49.2028,46.3704,43.538,40.6862,37.8344,34.9826,32.1308,29.279,29.5054,29.7318,29.9582,30.1846,30.411,29.9194,29.4278,28.9362,28.4446,27.953,27.1046,26.2562,25.4078,24.5594,23.711,,
Upper middle income,UMC,42.00229109,41.07477767,40.25946272,40.07032724,39.81901949,39.41479224,38.71416952,37.88515603,37.07899388,36.03021227,34.74105785,33.29745065,31.63514175,30.44269606,29.52445655,28.99312905,28.78981922,28.97352243,29.70515499,30.47575273,31.06881206,31.50513088,31.71094574,31.58481158,31.38632863,31.19688429,30.97681357,30.72563351,,
Uruguay,URY,68.9318,69.7664,70.601,69.9378,69.2746,68.6114,67.9482,67.285,66.7674,66.2498,65.7322,65.2146,64.697,63.9782,63.2594,62.5406,61.8218,61.103,61.013,60.923,60.833,60.743,60.653,60.2678,59.8826,59.4974,59.1122,58.727,,
United States,USA,57.0142,58.2626,59.511,57.8868,56.2626,54.6384,53.0142,51.39,49.6484,47.9068,46.1652,44.4236,42.682,42.0618,41.4416,40.8214,40.2012,39.581,37.2522,34.9234,32.5946,30.2658,27.937,26.3216,24.7062,23.0908,21.4754,19.86,,
Uzbekistan,UZB,53.6328,57.2394,60.846,57.089,53.332,49.575,45.818,42.061,37.3172,32.5734,27.8296,23.0858,18.342,18.295,18.248,18.201,18.154,18.107,19.2436,20.3802,21.5168,22.6534,23.79,23.79,23.79,23.79,23.79,23.79,,
St. Vincent and the Grenadines,VCT,90.8138,89.3824,87.951,85.5894,83.2278,80.8662,78.5046,76.143,73.8354,71.5278,69.2202,66.9126,64.605,63.4696,62.3342,61.1988,60.0634,58.928,58.044,57.16,56.276,55.392,54.508,53.4104,52.3128,51.2152,50.1176,49.02,,
"Venezuela, RB",VEN,97.059,95.999,94.939,94.771,94.603,94.435,94.267,94.099,93.6986,93.2982,92.8978,92.4974,92.097,91.6574,91.2178,90.7782,90.3386,89.899,89.4832,89.0674,88.6516,88.2358,87.82,87.3234,86.8268,86.3302,85.8336,85.337,,
British Virgin Islands,VGB,,,,,,,,,,,,,,,,,,,,,,,,,,,,,,
Virgin Islands (U.S.),VIR,79.0418,78.0314,77.021,74.5186,72.0162,69.5138,67.0114,64.509,61.4968,58.4846,55.4724,52.4602,49.448,49.4754,49.5028,49.5302,49.5576,49.585,48.8174,48.0498,47.2822,46.5146,45.747,42.375,39.003,35.631,32.259,28.887,,
Vietnam,VNM,30.9624,32.3852,33.808,32.9962,32.1844,31.3726,30.5608,29.749,29.3812,29.0134,28.6456,28.2778,27.91,28.4872,29.0644,29.6416,30.2188,30.796,31.849,32.902,33.955,35.008,36.061,35.0346,34.0082,32.9818,31.9554,30.929,,
Vanuatu,VUT,72.9596,71.3908,69.822,68.2506,66.6792,65.1078,63.5364,61.965,61.292,60.619,59.946,59.273,58.6,57.9142,57.2284,56.5426,55.8568,55.171,54.6456,54.1202,53.5948,53.0694,52.544,51.9226,51.3012,50.6798,50.0584,49.437,,
World,WLD,65.73818689,65.14250975,64.65615402,64.0595653,63.36139244,62.47965375,61.33606883,60.06977139,58.98491334,57.73300069,56.32757328,54.77163833,53.07581644,51.69628582,50.52288942,49.646087,48.96110952,48.55494262,48.35958956,48.15123919,47.80662055,47.32477523,46.70487967,45.91674605,45.08838378,44.25737764,43.36176436,42.455699,,
Samoa,WSM,35.9574,34.8132,33.669,35.954,38.239,40.524,42.809,45.094,43.4742,41.8544,40.2346,38.6148,36.995,35.9308,34.8666,33.8024,32.7382,31.674,30.9894,30.3048,29.6202,28.9356,28.251,27.378,26.505,25.632,24.759,23.886,,
Kosovo,XKX,,,,,,,,,,,,,,,,,,,,,,,,,,,,,,
"Yemen, Rep.",YEM,148.7308,147.4854,146.24,139.255,132.27,125.285,118.3,111.315,106.162,101.009,95.856,90.703,85.55,83.76,81.97,80.18,78.39,76.6,74.8144,73.0288,71.2432,69.4576,67.672,66.208,64.744,63.28,61.816,60.352,,
South Africa,ZAF,96.2902,93.3046,90.319,87.672,85.025,82.378,79.731,77.084,74.8174,72.5508,70.2842,68.0176,65.751,66.0524,66.3538,66.6552,66.9566,67.258,68.2016,69.1452,70.0888,71.0324,71.976,71.1624,70.3488,69.5352,68.7216,67.908,,
Zambia,ZMB,159.1766,158.3058,157.435,158.01,158.585,159.16,159.735,160.31,160.1972,160.0844,159.9716,159.8588,159.746,157.5886,155.4312,153.2738,151.1164,148.959,146.5064,144.0538,141.6012,139.1486,136.696,133.3792,130.0624,126.7456,123.4288,120.112,,
Zimbabwe,ZWE,105.8928,104.3194,102.746,102.2124,101.6788,101.1452,100.6116,100.078,100.1326,100.1872,100.2418,100.2964,100.351,102.499,104.647,106.795,108.943,111.091,110.6414,110.1918,109.7422,109.2926,108.843,104.3014,99.7598,95.2182,90.6766,86.135,,
